,Name,Genre
0,The Beatles,Pop/Rock
1,The Rolling Stones,Pop/Rock
2,Bon Jovi,Pop/Rock
3,Aerosmith,Pop/Rock
4,Elvis Costello,Pop/Rock
5,Billy Idol,Pop/Rock
6,Green Day,Pop/Rock
7,Madness,Pop/Rock
8,The English Beat,Pop/Rock
9,Elton John,Pop/Rock
10,INXS,Pop/Rock
11,Orchestral Manoeuvres in the Dark,Pop/Rock
12,Primal Scream,Pop/Rock
13,Portishead,Pop/Rock
14,Depeche Mode,Pop/Rock
15,Suzanne Vega,Pop/Rock
16,Sin√É¬©ad O'Connor,Pop/Rock
17,Tori Amos,Pop/Rock
18,Peter Gabriel,Pop/Rock
19,The Specials,Pop/Rock
20,The Kinks,Pop/Rock
21,The Beach Boys,Pop/Rock
22,Sloan,Pop/Rock
23,Loverboy,Pop/Rock
24,Kate Bush,Pop/Rock
25,Quiet Riot,Pop/Rock
26,Hanoi Rocks,Pop/Rock
27,Christine McVie,Pop/Rock
28,Laura Nyro,Pop/Rock
29,Fleetwood Mac,Pop/Rock
30,Bj√É¬∂rk,Pop/Rock
31,Saint Etienne,Pop/Rock
32,Roxy Music,Pop/Rock
33,The Human League,Pop/Rock
34,Bee Gees,Pop/Rock
35,Jimmy Webb,Pop/Rock
36,Johnny Rivers,Pop/Rock
37,Neil Sedaka,Pop/Rock
38,The Shangri-Las,Pop/Rock
39,The Ronettes,Pop/Rock
40,Burt Bacharach,Pop/Rock
41,Jane Siberry,Pop/Rock
42,Elvis Presley,Pop/Rock
43,Death,Pop/Rock
44,Gloria Estefan,Pop/Rock
45,Bread,Pop/Rock
46,10cc,Pop/Rock
47,Bob Dylan,Pop/Rock
48,Chicago,Pop/Rock
49,Carly Simon,Pop/Rock
50,Carole King,Pop/Rock
51,Janis Ian,Pop/Rock
52,Melissa Manchester,Pop/Rock
53,Corrosion of Conformity,Pop/Rock
54,Linda Ronstadt,Pop/Rock
55,Phoebe Snow,Pop/Rock
56,Gov't Mule,Pop/Rock
57,Hot Tuna,Pop/Rock
58,Phish,Pop/Rock
59,Blues Traveler,Pop/Rock
60,Dave Matthews Band,Pop/Rock
61,James Taylor,Pop/Rock
62,Paul Simon,Pop/Rock
63,Ted Nugent,Pop/Rock
64,Them,Pop/Rock
65,Smashing Pumpkins,Pop/Rock
66,U2,Pop/Rock
67,Radiohead,Pop/Rock
68,Sunny Day Real Estate,Pop/Rock
69,Soundgarden,Pop/Rock
70,Alice in Chains,Pop/Rock
71,Lynyrd Skynyrd,Pop/Rock
72,Madonna,Pop/Rock
73,Saliva,Pop/Rock
74,Stone Temple Pilots,Pop/Rock
75,Creed,Pop/Rock
76,Everything But the Girl,Pop/Rock
77,Gary Numan,Pop/Rock
78,John Cale,Pop/Rock
79,Eels,Pop/Rock
80,Elliott Smith,Pop/Rock
81,Joni Mitchell,Pop/Rock
82,Jerry Cantrell,Pop/Rock
83,Van Halen,Pop/Rock
84,AC/DC,Pop/Rock
85,Foo Fighters,Pop/Rock
86,Screaming Trees,Pop/Rock
87,Pink Floyd,Pop/Rock
88,Nirvana,Pop/Rock
89,Sex Pistols,Pop/Rock
90,Ramones,Pop/Rock
91,Mudhoney,Pop/Rock
92,The Who,Pop/Rock
93,Black Sabbath,Pop/Rock
94,Green River,Pop/Rock
95,The Stooges,Pop/Rock
96,The Pogues,Pop/Rock
97,Neil Young,Pop/Rock
98,NRBQ,Pop/Rock
99,Cabaret Voltaire,Pop/Rock
100,John Prine,Pop/Rock
101,Gram Parsons,Pop/Rock
102,Led Zeppelin,Pop/Rock
103,The Clash,Pop/Rock
104,Morbid Angel,Pop/Rock
105,Foreigner,Pop/Rock
106,The Everly Brothers,Pop/Rock
107,Chuck Berry,Pop/Rock
108,Duane Eddy,Pop/Rock
109,Dion,Pop/Rock
110,Buddy Holly,Pop/Rock
111,Slayer,Pop/Rock
112,Captain Beefheart,Pop/Rock
113,Sparks,Pop/Rock
114,Patti Smith,Pop/Rock
115,Iron Maiden,Pop/Rock
116,Megadeth,Pop/Rock
117,Metallica,Pop/Rock
118,Anthrax,Pop/Rock
119,Hatebreed,Pop/Rock
120,At the Gates,Pop/Rock
121,Entombed,Pop/Rock
122,The Velvet Underground,Pop/Rock
123,The Free Design,Pop/Rock
124,Chrome,Pop/Rock
125,David Bowie,Pop/Rock
126,Morphine,Pop/Rock
127,Tom Waits,Pop/Rock
128,Kiss,Pop/Rock
129,Cheap Trick,Pop/Rock
130,Twisted Sister,Pop/Rock
131,Def Leppard,Pop/Rock
132,Gene Simmons,Pop/Rock
133,Grateful Dead,Pop/Rock
134,David Lee Roth,Pop/Rock
135,Saxon,Pop/Rock
136,Sammy Hagar,Pop/Rock
137,Scorpions,Pop/Rock
138,Ozzy Osbourne,Pop/Rock
139,M√É¬∂tley Cr√É¬ºe,Pop/Rock
140,Guns N' Roses,Pop/Rock
141,Whitesnake,Pop/Rock
142,The Flying Burrito Brothers,Pop/Rock
143,Cocteau Twins,Pop/Rock
144,Serge Gainsbourg,Pop/Rock
145,Fran√É¬ßoise Hardy,Pop/Rock
146,The Rockets,Pop/Rock
147,Yoko Ono,Pop/Rock
148,Brian Eno,Pop/Rock
149,Doug Sahm,Pop/Rock
150,Can,Pop/Rock
151,The Association,Pop/Rock
152,Silver Apples,Pop/Rock
153,China Crisis,Pop/Rock
154,France Gall,Pop/Rock
155,Brigitte Fontaine,Pop/Rock
156,Swans,Pop/Rock
157,Sonic Youth,Pop/Rock
158,Bob Seger,Pop/Rock
159,Pantera,Pop/Rock
160,Bad Religion,Pop/Rock
161,Mercury Rev,Pop/Rock
162,Ride,Pop/Rock
163,Rod Stewart,Pop/Rock
164,The Replacements,Pop/Rock
165,Small Faces,Pop/Rock
166,The Monkees,Pop/Rock
167,Guided by Voices,Pop/Rock
168,The Stone Roses,Pop/Rock
169,Blur,Pop/Rock
170,Mick Jagger,Pop/Rock
171,Leonard Cohen,Pop/Rock
172,Lou Reed,Pop/Rock
173,The United States of America,Pop/Rock
174,Ry Cooder,Pop/Rock
175,Blondie,Pop/Rock
176,The Righteous Brothers,Pop/Rock
177,The Partridge Family,Pop/Rock
178,Mr. Bungle,Pop/Rock
179,Rage Against the Machine,Pop/Rock
180,Santana,Pop/Rock
181,Joy Division,Pop/Rock
182,Robyn,Pop/Rock
183,Boston,Pop/Rock
184,Cream,Pop/Rock
185,The Yardbirds,Pop/Rock
186,Grand Funk Railroad,Pop/Rock
187,Wishbone Ash,Pop/Rock
188,R.E.M.,Pop/Rock
189,R. Stevie Moore,Pop/Rock
190,Frank Black,Pop/Rock
191,Let's Active,Pop/Rock
192,Mission of Burma,Pop/Rock
193,The Wedding Present,Pop/Rock
194,H√É¬ºsker D√É¬º,Pop/Rock
195,The Undertones,Pop/Rock
196,X,Pop/Rock
197,Crazy Horse,Pop/Rock
198,The Moody Blues,Pop/Rock
199,Procol Harum,Pop/Rock
200,Genesis,Pop/Rock
201,Queen,Pop/Rock
202,Black Flag,Pop/Rock
203,The Clean,Pop/Rock
204,The Standells,Pop/Rock
205,Daniel Johnston,Pop/Rock
206,Sebadoh,Pop/Rock
207,Stereolab,Pop/Rock
208,Orange Juice,Pop/Rock
209,Aztec Camera,Pop/Rock
210,The Chills,Pop/Rock
211,Nick Drake,Pop/Rock
212,Manfred Mann,Pop/Rock
213,Yes,Pop/Rock
214,Todd Rundgren,Pop/Rock
215,Andy Kim,Pop/Rock
216,Herman's Hermits,Pop/Rock
217,The Zombies,Pop/Rock
218,Bad Brains,Pop/Rock
219,Uncle Tupelo,Pop/Rock
220,The Pretty Things,Pop/Rock
221,? & the Mysterians,Pop/Rock
222,The Troggs,Pop/Rock
223,Kid Rock,Pop/Rock
224,Korn,Pop/Rock
225,Throwing Muses,Pop/Rock
226,My Bloody Valentine,Pop/Rock
227,Dr. John,Pop/Rock
228,PJ Harvey,Pop/Rock
229,The Fall,Pop/Rock
230,Babes in Toyland,Pop/Rock
231,L7,Pop/Rock
232,Courtney Love,Pop/Rock
233,Chrissie Hynde,Pop/Rock
234,Delta 5,Pop/Rock
235,The Animals,Pop/Rock
236,Graham Nash,Pop/Rock
237,Dan Fogelberg,Pop/Rock
238,Don McLean,Pop/Rock
239,Rickie Lee Jones,Pop/Rock
240,Tom Petty,Pop/Rock
241,Bruce Cockburn,Pop/Rock
242,Daniel Lanois,Pop/Rock
243,Kreator,Pop/Rock
244,Bathory,Pop/Rock
245,Bolt Thrower,Pop/Rock
246,Bruce Springsteen,Pop/Rock
247,The Raincoats,Pop/Rock
248,Siouxsie and the Banshees,Pop/Rock
249,Falco,Pop/Rock
250,Badfinger,Pop/Rock
251,John Lennon,Pop/Rock
252,Kaleidoscope,Pop/Rock
253,The Turtles,Pop/Rock
254,XTC,Pop/Rock
255,Joe Jackson,Pop/Rock
256,Fishbone,Pop/Rock
257,Red Hot Chili Peppers,Pop/Rock
258,Neneh Cherry,Pop/Rock
259,Deftones,Pop/Rock
260,Pretenders,Pop/Rock
261,The Slits,Pop/Rock
262,X-Ray Spex,Pop/Rock
263,Bratmobile,Pop/Rock
264,Hole,Pop/Rock
265,Bikini Kill,Pop/Rock
266,The Go-Betweens,Pop/Rock
267,Gang of Four,Pop/Rock
268,Elastica,Pop/Rock
269,Van Dyke Parks,Pop/Rock
270,The Left Banke,Pop/Rock
271,Public Image Ltd.,Pop/Rock
272,The Police,Pop/Rock
273,311,Pop/Rock
274,Helmet,Pop/Rock
275,Fugazi,Pop/Rock
276,Andy Black,Pop/Rock
277,Joan Jett & the Blackhearts,Pop/Rock
278,Judas Priest,Pop/Rock
279,Jimi Hendrix,Pop/Rock
280,Thin Lizzy,Pop/Rock
281,Big Black,Pop/Rock
282,Jane's Addiction,Pop/Rock
283,Ric Ocasek,Pop/Rock
284,Beat Happening,Pop/Rock
285,Styx,Pop/Rock
286,The Birthday Party,Pop/Rock
287,Violent Femmes,Pop/Rock
288,Warren Zevon,Pop/Rock
289,Levon Helm,Pop/Rock
290,Ronnie Lane,Pop/Rock
291,Spandau Ballet,Pop/Rock
292,Boz Scaggs,Pop/Rock
293,Joe Cocker,Pop/Rock
294,The Fleetwoods,Pop/Rock
295,Pearl Jam,Pop/Rock
296,"Blood, Sweat & Tears",Pop/Rock
297,King Missile,Pop/Rock
298,Talking Heads,Pop/Rock
299,Primus,Pop/Rock
300,They Might Be Giants,Pop/Rock
301,ABC,Pop/Rock
302,Morrissey,Pop/Rock
303,The Smiths,Pop/Rock
304,T. Rex,Pop/Rock
305,Tears for Fears,Pop/Rock
306,Big Star,Pop/Rock
307,The Cars,Pop/Rock
308,Blue √É‚Äìyster Cult,Pop/Rock
309,Electric Light Orchestra,Pop/Rock
310,The Cure,Pop/Rock
311,Jackson Browne,Pop/Rock
312,Johnny Thunders,Pop/Rock
313,Bonnie Raitt,Pop/Rock
314,Janis Joplin,Pop/Rock
315,Eric Clapton,Pop/Rock
316,7 Seconds,Pop/Rock
317,The Housemartins,Pop/Rock
318,Brewer & Shipley,Pop/Rock
319,The Band,Pop/Rock
320,Bad Company,Pop/Rock
321,The Doors,Pop/Rock
322,Dinosaur Jr.,Pop/Rock
323,Jonathan Richman,Pop/Rock
324,The Go-Go's,Pop/Rock
325,Dire Straits,Pop/Rock
326,The Durutti Column,Pop/Rock
327,Jawbreaker,Pop/Rock
328,Propagandhi,Pop/Rock
329,Faces,Pop/Rock
330,Suicide,Pop/Rock
331,Scott Walker,Pop/Rock
332,Jerry Lee Lewis,Pop/Rock
333,Ronnie Hawkins,Pop/Rock
334,The Byrds,Pop/Rock
335,Carl Perkins,Pop/Rock
336,Buffalo Springfield,Pop/Rock
337,Avail,Pop/Rock
338,The Offspring,Pop/Rock
339,Operation Ivy,Pop/Rock
340,The Bobby Fuller Four,Pop/Rock
341,Bo Diddley,Pop/Rock
342,Screeching Weasel,Pop/Rock
343,Smoking Popes,Pop/Rock
344,Social Distortion,Pop/Rock
345,The Damned,Pop/Rock
346,Everclear,Pop/Rock
347,Hot Water Music,Pop/Rock
348,Pegboy,Pop/Rock
349,Naked Raygun,Pop/Rock
350,Bobby Charles,Pop/Rock
351,Minor Threat,Pop/Rock
352,Negative Approach,Pop/Rock
353,Murphy's Law,Pop/Rock
354,Cro-Mags,Pop/Rock
355,Agnostic Front,Pop/Rock
356,Barry Manilow,Pop/Rock
357,Gorilla Biscuits,Pop/Rock
358,Billy Fury,Pop/Rock
359,Bauhaus,Pop/Rock
360,Sonny & Cher,Pop/Rock
361,Melissa Etheridge,Pop/Rock
362,DNA,Pop/Rock
363,Wire,Pop/Rock
364,Gloria Jones,Pop/Rock
365,Iggy Pop,Pop/Rock
366,Tracy Chapman,Pop/Rock
367,Lenny Kravitz,Pop/Rock
368,Throbbing Gristle,Pop/Rock
369,Dead Boys,Pop/Rock
370,Creedence Clearwater Revival,Pop/Rock
371,Jan & Dean,Pop/Rock
372,Stevie Ray Vaughan,Pop/Rock
373,Built to Spill,Pop/Rock
374,Dag Nasty,Pop/Rock
375,Down by Law,Pop/Rock
376,Pixies,Pop/Rock
377,Richard Hell,Pop/Rock
378,The Vandals,Pop/Rock
379,"Bonnie ""Prince"" Billy",Pop/Rock
380,Red House Painters,Pop/Rock
381,NOFX,Pop/Rock
382,Pennywise,Pop/Rock
383,Weezer,Pop/Rock
384,Big Brother & the Holding Company,Pop/Rock
385,Stevie Nicks,Pop/Rock
386,Alice Cooper,Pop/Rock
387,Lagwagon,Pop/Rock
388,Descendents,Pop/Rock
389,Less Than Jake,Pop/Rock
390,Barenaked Ladies,Pop/Rock
391,Billy Squier,Pop/Rock
392,Europe,Pop/Rock
393,MC5,Pop/Rock
394,Napalm Death,Pop/Rock
395,Obituary,Pop/Rock
396,Journey,Pop/Rock
397,Accept,Pop/Rock
398,Supergrass,Pop/Rock
399,Pulp,Pop/Rock
400,Oasis,Pop/Rock
401,Face to Face,Pop/Rock
402,In Flames,Pop/Rock
403,Meshuggah,Pop/Rock
404,Pat Benatar,Pop/Rock
405,Incubus,Pop/Rock
406,Soul Coughing,Pop/Rock
407,The Flaming Lips,Pop/Rock
408,Beck,Pop/Rock
409,Talk Talk,Pop/Rock
410,Jethro Tull,Pop/Rock
411,Pavement,Pop/Rock
412,The Only Ones,Pop/Rock
413,The Hollies,Pop/Rock
414,The Dave Clark Five,Pop/Rock
415,Roy Orbison,Pop/Rock
416,Dusty Springfield,Pop/Rock
417,The Cardigans,Pop/Rock
418,Beth Orton,Pop/Rock
419,Pablo Cruise,Pop/Rock
420,The Doobie Brothers,Pop/Rock
421,Deep Purple,Pop/Rock
422,Joe Satriani,Pop/Rock
423,Robin Trower,Pop/Rock
424,King Crimson,Pop/Rock
425,Frank Zappa,Pop/Rock
426,Pere Ubu,Pop/Rock
427,Swell Maps,Pop/Rock
428,The Chocolate Watchband,Pop/Rock
429,New York Dolls,Pop/Rock
430,Nico,Pop/Rock
431,Jeff Beck,Pop/Rock
432,Suzi Quatro,Pop/Rock
433,Jack Bruce,Pop/Rock
434,Robert Fripp,Pop/Rock
435,Tony Joe White,Pop/Rock
436,Los Lobos,Pop/Rock
437,Steve Howe,Pop/Rock
438,Jimmy Page,Pop/Rock
439,Eddie Van Halen,Pop/Rock
440,The Music Machine,Pop/Rock
441,Georgie Fame,Pop/Rock
442,Body Count,Pop/Rock
443,Eddie Cochran,Pop/Rock
444,The Charlatans,Pop/Rock
445,Little Richard,Pop/Rock
446,Ian Hunter,Pop/Rock
447,Peter Criss,Pop/Rock
448,Limp Bizkit,Pop/Rock
449,Jack Nitzsche,Pop/Rock
450,Eric Burdon,Pop/Rock
451,Dr. Feelgood,Pop/Rock
452,Van Morrison,Pop/Rock
453,Bryan Ferry,Pop/Rock
454,Leon Russell,Pop/Rock
455,Roger McGuinn,Pop/Rock
456,Eagles,Pop/Rock
457,Poco,Pop/Rock
458,Billy Bragg,Pop/Rock
459,Hothouse Flowers,Pop/Rock
460,The Waterboys,Pop/Rock
461,Orleans,Pop/Rock
462,Randy Newman,Pop/Rock
463,Slint,Pop/Rock
464,Soft Machine,Pop/Rock
465,Liquid Liquid,Pop/Rock
466,Tool,Pop/Rock
467,Robert Wyatt,Pop/Rock
468,The Fugs,Pop/Rock
469,The Kingsmen,Pop/Rock
470,Michael Bolton,Pop/Rock
471,Brian Hyland,Pop/Rock
472,David Axelrod,Pop/Rock
473,The Red Krayola,Pop/Rock
474,The Beau Brummels,Pop/Rock
475,Del Shannon,Pop/Rock
476,Ritchie Valens,Pop/Rock
477,Jefferson Airplane,Pop/Rock
478,David Cassidy,Pop/Rock
479,Peter Hammill,Pop/Rock
480,Ultravox,Pop/Rock
481,Lou Christie,Pop/Rock
482,Tim Buckley,Pop/Rock
483,Culture Club,Pop/Rock
484,John Fogerty,Pop/Rock
485,Kyuss,Pop/Rock
486,Killing Joke,Pop/Rock
487,The Jam,Pop/Rock
488,Flipper,Pop/Rock
489,Wipers,Pop/Rock
490,Visage,Pop/Rock
491,ABBA,Pop/Rock
492,System of a Down,Pop/Rock
493,RX Bandits,Pop/Rock
494,The All-American Rejects,Pop/Rock
495,"Crosby, Stills & Nash",Pop/Rock
496,New Order,Pop/Rock
497,Blancmange,Pop/Rock
498,Soft Cell,Pop/Rock
499,Be Bop Deluxe,Pop/Rock
500,George Michael,Pop/Rock
501,George Harrison,Pop/Rock
502,Richard Thompson,Pop/Rock
503,Ace,Pop/Rock
504,Brinsley Schwarz,Pop/Rock
505,Biohazard,Pop/Rock
506,Suicidal Tendencies,Pop/Rock
507,Godflesh,Pop/Rock
508,Flamin' Groovies,Pop/Rock
509,J.J. Cale,Pop/Rock
510,Miami Sound Machine,Pop/Rock
511,Spin Doctors,Pop/Rock
512,Counting Crows,Pop/Rock
513,Sepultura,Pop/Rock
514,Marilyn Manson,Pop/Rock
515,Danzig,Pop/Rock
516,Stealers Wheel,Pop/Rock
517,Joe Walsh,Pop/Rock
518,Mark Lanegan,Pop/Rock
519,Matthew Sweet,Pop/Rock
520,Nick Cave,Pop/Rock
521,The Lemonheads,Pop/Rock
522,The Church,Pop/Rock
523,Sleep,Pop/Rock
524,Blue Cheer,Pop/Rock
525,Saint Vitus,Pop/Rock
526,Melvins,Pop/Rock
527,Manowar,Pop/Rock
528,Candlemass,Pop/Rock
529,Witchfinder General,Pop/Rock
530,Paul Weller,Pop/Rock
531,Pentagram,Pop/Rock
532,Rainbow,Pop/Rock
533,Bob Mould,Pop/Rock
534,Dan Penn,Pop/Rock
535,Rollins Band,Pop/Rock
536,Nine Inch Nails,Pop/Rock
537,Dick Dale,Pop/Rock
538,David Gray,Pop/Rock
539,Nils Lofgren,Pop/Rock
540,James McMurtry,Pop/Rock
541,Ben Harper,Pop/Rock
542,Del Amitri,Pop/Rock
543,Link Wray,Pop/Rock
544,The Sonics,Pop/Rock
545,The Seeds,Pop/Rock
546,Stephen Stills,Pop/Rock
547,The Mamas & the Papas,Pop/Rock
548,Gene Vincent,Pop/Rock
549,Simon & Garfunkel,Pop/Rock
550,The Dictators,Pop/Rock
551,The Runaways,Pop/Rock
552,Montrose,Pop/Rock
553,Mot√É¬∂rhead,Pop/Rock
554,Mott the Hoople,Pop/Rock
555,Slade,Pop/Rock
556,Hootie & the Blowfish,Pop/Rock
557,Sweet,Pop/Rock
558,America,Pop/Rock
559,Gin Blossoms,Pop/Rock
560,Fairport Convention,Pop/Rock
561,Fiona Apple,Pop/Rock
562,Jane Birkin,Pop/Rock
563,Sam Phillips,Pop/Rock
564,Daryl Hall & John Oates,Pop/Rock
565,Sarah McLachlan,Pop/Rock
566,Galaxie 500,Pop/Rock
567,The Jesus and Mary Chain,Pop/Rock
568,The Boo Radleys,Pop/Rock
569,Belly,Pop/Rock
570,Wings,Pop/Rock
571,The House of Love,Pop/Rock
572,The Primitives,Pop/Rock
573,Pale Saints,Pop/Rock
574,Beulah,Pop/Rock
575,Crowded House,Pop/Rock
576,Squeeze,Pop/Rock
577,Sheena Easton,Pop/Rock
578,Jennifer Lopez,Pop/Rock
579,Ace of Base,Pop/Rock
580,Annie Lennox,Pop/Rock
581,Kylie Minogue,Pop/Rock
582,The Action,Pop/Rock
583,Craig Armstrong,Pop/Rock
584,The Plimsouls,Pop/Rock
585,The Soft Boys,Pop/Rock
586,Phil Collins,Pop/Rock
587,The Juliana Theory,Pop/Rock
588,Wham!,Pop/Rock
589,Pet Shop Boys,Pop/Rock
590,Giorgio Moroder,Pop/Rock
591,Divine,Pop/Rock
592,Steve Winwood,Pop/Rock
593,The Style Council,Pop/Rock
594,Gino Vannelli,Pop/Rock
595,Soulfly,Pop/Rock
596,Roky Erickson,Pop/Rock
597,Thompson Twins,Pop/Rock
598,Yaz,Pop/Rock
599,The Residents,Pop/Rock
600,Killswitch Engage,Pop/Rock
601,Vision of Disorder,Pop/Rock
602,The Associates,Pop/Rock
603,Duran Duran,Pop/Rock
604,Frankie Goes to Hollywood,Pop/Rock
605,Erasure,Pop/Rock
606,John Foxx,Pop/Rock
607,Japan,Pop/Rock
608,UFO,Pop/Rock
609,Jellyfish,Pop/Rock
610,Free,Pop/Rock
611,The Spencer Davis Group,Pop/Rock
612,Ace Frehley,Pop/Rock
613,Tommy James & the Shondells,Pop/Rock
614,The Guess Who,Pop/Rock
615,Gary Glitter,Pop/Rock
616,Barclay James Harvest,Pop/Rock
617,The La's,Pop/Rock
618,Tommy Roe,Pop/Rock
619,The Rubinoos,Pop/Rock
620,Venom,Pop/Rock
621,Traffic,Pop/Rock
622,Terry Reid,Pop/Rock
623,Tim Hardin,Pop/Rock
624,Frankie Miller,Pop/Rock
625,Pete Townshend,Pop/Rock
626,Joey Ramone,Pop/Rock
627,Roger Daltrey,Pop/Rock
628,Bono,Pop/Rock
629,Laid Back,Pop/Rock
630,Keith Richards,Pop/Rock
631,Alkaline Trio,Pop/Rock
632,MDC,Pop/Rock
633,Joe Strummer,Pop/Rock
634,Robert Plant,Pop/Rock
635,Meat Puppets,Pop/Rock
636,Yo La Tengo,Pop/Rock
637,World Party,Pop/Rock
638,Jim Morrison,Pop/Rock
639,Fear Factory,Pop/Rock
640,Life of Agony,Pop/Rock
641,Prong,Pop/Rock
642,Ministry,Pop/Rock
643,D.R.I.,Pop/Rock
644,Bob Weir,Pop/Rock
645,Faith No More,Pop/Rock
646,Kittie,Pop/Rock
647,Strung Out,Pop/Rock
648,Cap'n Jazz,Pop/Rock
649,Anti-Flag,Pop/Rock
650,The Big Bopper,Pop/Rock
651,Hurt,Pop/Rock
652,Alanis Morissette,Pop/Rock
653,Cornelius,Pop/Rock
654,Simple Minds,Pop/Rock
655,Slowdive,Pop/Rock
656,White Zombie,Pop/Rock
657,Minutemen,Pop/Rock
658,Lyle Lovett,Pop/Rock
659,Thomas Dolby,Pop/Rock
660,A Flock of Seagulls,Pop/Rock
661,Tom Tom Club,Pop/Rock
662,Gina X Performance,Pop/Rock
663,Alphaville,Pop/Rock
664,KMFDM,Pop/Rock
665,Sick of It All,Pop/Rock
666,Poison the Well,Pop/Rock
667,The Dillinger Escape Plan,Pop/Rock
668,Blind Melon,Pop/Rock
669,Lamb of God,Pop/Rock
670,Wanda Jackson,Pop/Rock
671,Freddie Mercury,Pop/Rock
672,Front 242,Pop/Rock
673,Skinny Puppy,Pop/Rock
674,Clan of Xymox,Pop/Rock
675,Gentle Giant,Pop/Rock
676,Cradle of Filth,Pop/Rock
677,Gong,Pop/Rock
678,Tom Verlaine,Pop/Rock
679,Camel,Pop/Rock
680,Split Enz,Pop/Rock
681,Cyndi Lauper,Pop/Rock
682,Joan Armatrading,Pop/Rock
683,Ten Years After,Pop/Rock
684,John Frusciante,Pop/Rock
685,Love,Pop/Rock
686,LCD Soundsystem,Pop/Rock
687,Richard & Linda Thompson,Pop/Rock
688,Crowbar,Pop/Rock
689,Argent,Pop/Rock
690,Humble Pie,Pop/Rock
691,Ian Dury,Pop/Rock
692,Sandie Shaw,Pop/Rock
693,The Allman Brothers Band,Pop/Rock
694,The Outlaws,Pop/Rock
695,Don Henley,Pop/Rock
696,Tab Hunter,Pop/Rock
697,The Connells,Pop/Rock
698,Renaissance,Pop/Rock
699,Marillion,Pop/Rock
700,"Emerson, Lake & Palmer",Pop/Rock
701,The Pastels,Pop/Rock
702,1910 Fruitgum Company,Pop/Rock
703,Moby Grape,Pop/Rock
704,Young Marble Giants,Pop/Rock
705,Wreckless Eric,Pop/Rock
706,Television Personalities,Pop/Rock
707,Sham 69,Pop/Rock
708,John Mellencamp,Pop/Rock
709,The Move,Pop/Rock
710,The Outsiders,Pop/Rock
711,The Nerves,Pop/Rock
712,The Buckinghams,Pop/Rock
713,"Dave Dee, Dozy, Beaky, Mick & Tich",Pop/Rock
714,Roy Harper,Pop/Rock
715,The Creation,Pop/Rock
716,Mojave 3,Pop/Rock
717,Sparklehorse,Pop/Rock
718,Cat Power,Pop/Rock
719,Songs: Ohia,Pop/Rock
720,John Denver,Pop/Rock
721,The Archies,Pop/Rock
722,Spice Girls,Pop/Rock
723,Take That,Pop/Rock
724,New Kids on the Block,Pop/Rock
725,Jason Donovan,Pop/Rock
726,Static-X,Pop/Rock
727,Alan Parsons,Pop/Rock
728,Jon Anderson,Pop/Rock
729,Rick Wakeman,Pop/Rock
730,Thee Oh Sees,Pop/Rock
731,Bobby Darin,Pop/Rock
732,The Collins Kids,Pop/Rock
733,Indigo Girls,Pop/Rock
734,The Innocence Mission,Pop/Rock
735,Cowboy Junkies,Pop/Rock
736,Anvil,Pop/Rock
737,Brian May,Pop/Rock
738,Manic Street Preachers,Pop/Rock
739,Rush,Pop/Rock
740,Jim Croce,Pop/Rock
741,Grant Lee Buffalo,Pop/Rock
742,Jeff Buckley,Pop/Rock
743,The Verve,Pop/Rock
744,Feeder,Pop/Rock
745,Crime & the City Solution,Pop/Rock
746,Neil Diamond,Pop/Rock
747,Shawn Colvin,Pop/Rock
748,Living Colour,Pop/Rock
749,Ronnie James Dio,Pop/Rock
750,Ween,Pop/Rock
751,Donovan,Pop/Rock
752,The Blue Nile,Pop/Rock
753,Dio,Pop/Rock
754,John Hiatt,Pop/Rock
755,Echo & the Bunnymen,Pop/Rock
756,Dave Mason,Pop/Rock
757,Teenage Fanclub,Pop/Rock
758,Paul McCartney,Pop/Rock
759,The Lightning Seeds,Pop/Rock
760,James,Pop/Rock
761,Chris Smither,Pop/Rock
762,Graham Parker,Pop/Rock
763,Judee Sill,Pop/Rock
764,Kansas,Pop/Rock
765,Willis Alan Ramsey,Pop/Rock
766,Bay City Rollers,Pop/Rock
767,Heart,Pop/Rock
768,Little Feat,Pop/Rock
769,This Mortal Coil,Pop/Rock
770,Carpenters,Pop/Rock
771,Eddie Money,Pop/Rock
772,Gerry Rafferty,Pop/Rock
773,Cher,Pop/Rock
774,Badly Drawn Boy,Pop/Rock
775,Jeff Lynne,Pop/Rock
776,The Field Mice,Pop/Rock
777,Heaven 17,Pop/Rock
778,The Art of Noise,Pop/Rock
779,Superdrag,Pop/Rock
780,The Muffs,Pop/Rock
781,Anti-Nowhere League,Pop/Rock
782,Johnny Thunders & the Heartbreakers,Pop/Rock
783,REO Speedwagon,Pop/Rock
784,Freedy Johnston,Pop/Rock
785,Delaney & Bonnie,Pop/Rock
786,Meat Loaf,Pop/Rock
787,Pestilence,Pop/Rock
788,Midnight Oil,Pop/Rock
789,Stray Cats,Pop/Rock
790,The Bonzo Dog Band,Pop/Rock
791,Britney Spears,Pop/Rock
792,The Crew Cuts,Pop/Rock
793,David Gates,Pop/Rock
794,Stiff Little Fingers,Pop/Rock
795,The Reverend Horton Heat,Pop/Rock
796,Gene Pitney,Pop/Rock
797,The White Stripes,Pop/Rock
798,Karla Bonoff,Pop/Rock
799,Annihilator,Pop/Rock
800,Paula Abdul,Pop/Rock
801,Patty Griffin,Pop/Rock
802,Frankie Valli,Pop/Rock
803,Rick Springfield,Pop/Rock
804,Mountain,Pop/Rock
805,Hawkwind,Pop/Rock
806,Sheryl Crow,Pop/Rock
807,Sonny Bono,Pop/Rock
808,The McCoys,Pop/Rock
809,C√É¬©line Dion,Pop/Rock
810,Lita Ford,Pop/Rock
811,Gwen Stefani,Pop/Rock
812,P!nk,Pop/Rock
813,The Knickerbockers,Pop/Rock
814,Nada Surf,Pop/Rock
815,Steely Dan,Pop/Rock
816,GWAR,Pop/Rock
817,James Gang,Pop/Rock
818,Rob Zombie,Pop/Rock
819,Vanilla Fudge,Pop/Rock
820,ZZ Top,Pop/Rock
821,Billy Joel,Pop/Rock
822,Richard Marx,Pop/Rock
823,The Teardrop Explodes,Pop/Rock
824,Cinderella,Pop/Rock
825,Queens of the Stone Age,Pop/Rock
826,A Certain Ratio,Pop/Rock
827,Filter,Pop/Rock
828,Papa Roach,Pop/Rock
829,Edgar Winter,Pop/Rock
830,Quicksilver Messenger Service,Pop/Rock
831,David Essex,Pop/Rock
832,Slipknot,Pop/Rock
833,Candlebox,Pop/Rock
834,Status Quo,Pop/Rock
835,Carlos Santana,Pop/Rock
836,Liz Phair,Pop/Rock
837,Generation X,Pop/Rock
838,The Rascals,Pop/Rock
839,Redd Kross,Pop/Rock
840,George Martin,Pop/Rock
841,Leslie West,Pop/Rock
842,Brand New,Pop/Rock
843,Quicksand,Pop/Rock
844,The Cramps,Pop/Rock
845,Budgie,Pop/Rock
846,Lesley Gore,Pop/Rock
847,Marianne Faithfull,Pop/Rock
848,Charlie Feathers,Pop/Rock
849,Steve Miller Band,Pop/Rock
850,Loggins & Messina,Pop/Rock
851,Jorma Kaukonen,Pop/Rock
852,Brian Setzer,Pop/Rock
853,Mojo Nixon,Pop/Rock
854,Dave Edmunds,Pop/Rock
855,Sam the Sham & the Pharaohs,Pop/Rock
856,Iron Butterfly,Pop/Rock
857,Boney M.,Pop/Rock
858,Cracker,Pop/Rock
859,Samantha Fox,Pop/Rock
860,Rick Astley,Pop/Rock
861,Saves the Day,Pop/Rock
862,Misfits,Pop/Rock
863,Was (Not Was),Pop/Rock
864,Leif Garrett,Pop/Rock
865,Travis,Pop/Rock
866,Dead Moon,Pop/Rock
867,Crash Test Dummies,Pop/Rock
868,Coldplay,Pop/Rock
869,Mogwai,Pop/Rock
870,D.O.A.,Pop/Rock
871,Howard Jones,Pop/Rock
872,The Cult,Pop/Rock
873,Jay & the Americans,Pop/Rock
874,Olivia Newton-John,Pop/Rock
875,Petula Clark,Pop/Rock
876,Youth of Today,Pop/Rock
877,The Promise Ring,Pop/Rock
878,Jawbox,Pop/Rock
879,Government Issue,Pop/Rock
880,Patty Smyth,Pop/Rock
881,The Gun Club,Pop/Rock
882,The Shadows,Pop/Rock
883,The Champs,Pop/Rock
884,Rick Nielsen,Pop/Rock
885,Blonde Redhead,Pop/Rock
886,John Sebastian,Pop/Rock
887,Television,Pop/Rock
888,Mary Margaret O'Hara,Pop/Rock
889,The Tragically Hip,Pop/Rock
890,The Sundays,Pop/Rock
891,The Toasters,Pop/Rock
892,Paul Anka,Pop/Rock
893,The Suicide Machines,Pop/Rock
894,The Cranberries,Pop/Rock
895,Chumbawamba,Pop/Rock
896,Van der Graaf Generator,Pop/Rock
897,G. Love & Special Sauce,Pop/Rock
898,Ben Folds,Pop/Rock
899,Concrete Blonde,Pop/Rock
900,Ani DiFranco,Pop/Rock
901,UB40,Pop/Rock
902,k.d. lang,Pop/Rock
903,Dead Kennedys,Pop/Rock
904,Agent Orange,Pop/Rock
905,Mick Ronson,Pop/Rock
906,"10,000 Maniacs",Pop/Rock
907,Sublime,Pop/Rock
908,Fear,Pop/Rock
909,Angel Witch,Pop/Rock
910,Celtic Frost,Pop/Rock
911,Discharge,Pop/Rock
912,Steppenwolf,Pop/Rock
913,Jimmy Buffett,Pop/Rock
914,Paul Westerberg,Pop/Rock
915,BoDeans,Pop/Rock
916,Lindsey Buckingham,Pop/Rock
917,The Posies,Pop/Rock
918,Marshall Crenshaw,Pop/Rock
919,The Smithereens,Pop/Rock
920,The Amboy Dukes,Pop/Rock
921,Extreme,Pop/Rock
922,Trey Anastasio,Pop/Rock
923,Molly Hatchet,Pop/Rock
924,The Ventures,Pop/Rock
925,The 13th Floor Elevators,Pop/Rock
926,The Rutles,Pop/Rock
927,Egg,Pop/Rock
928,Testament,Pop/Rock
929,Jack Johnson,Pop/Rock
930,Unwound,Pop/Rock
931,Butthole Surfers,Pop/Rock
932,Oleta Adams,Pop/Rock
933,Exhorder,Pop/Rock
934,The Dickies,Pop/Rock
935,Neurosis,Pop/Rock
936,The Weirdos,Pop/Rock
937,Godhead,Pop/Rock
938,Adam Ant,Pop/Rock
939,Noel Redding,Pop/Rock
940,John Entwistle,Pop/Rock
941,David Johansen,Pop/Rock
942,Nancy Sinatra,Pop/Rock
943,Inspiral Carpets,Pop/Rock
944,Tom Morello,Pop/Rock
945,Jimmie Vaughan,Pop/Rock
946,Circle Jerks,Pop/Rock
947,Girlschool,Pop/Rock
948,Level 42,Pop/Rock
949,Johnny Kidd & the Pirates,Pop/Rock
950,Santo & Johnny,Pop/Rock
951,Willie Nile,Pop/Rock
952,Hellhammer,Pop/Rock
953,Raven,Pop/Rock
954,The Easybeats,Pop/Rock
955,The Mighty Mighty Bosstones,Pop/Rock
956,Garland Jeffreys,Pop/Rock
957,Queensr√É¬øche,Pop/Rock
958,O.A.R.,Pop/Rock
959,Chris Rea,Pop/Rock
960,The Boomtown Rats,Pop/Rock
961,David Sylvian,Pop/Rock
962,Jeff Wayne,Pop/Rock
963,Chris Squire,Pop/Rock
964,Roger Waters,Pop/Rock
965,The Adverts,Pop/Rock
966,Eurythmics,Pop/Rock
967,The Ides of March,Pop/Rock
968,Camille Yarbrough,Pop/Rock
969,Big Audio Dynamite,Pop/Rock
970,The Blues Project,Pop/Rock
971,Tom Jones,Pop/Rock
972,Robert Palmer,Pop/Rock
973,Veruca Salt,Pop/Rock
974,The 5th Dimension,Pop/Rock
975,Spiritualized,Pop/Rock
976,Yazoo,Pop/Rock
977,Jerry Garcia,Pop/Rock
978,The Psychedelic Furs,Pop/Rock
979,Lydia Lunch,Pop/Rock
980,Edie Brickell & New Bohemians,Pop/Rock
981,Skid Row,Pop/Rock
982,The Modern Lovers,Pop/Rock
983,The Searchers,Pop/Rock
984,Billy Lee Riley,Pop/Rock
985,Johnny Burnette,Pop/Rock
986,Bobby Sherman,Pop/Rock
987,Robbie Robertson,Pop/Rock
988,Nick Lowe,Pop/Rock
989,Bachman-Turner Overdrive,Pop/Rock
990,The Sound,Pop/Rock
991,The Youngbloods,Pop/Rock
992,Happy Mondays,Pop/Rock
993,T.S.O.L.,Pop/Rock
994,Tullycraft,Pop/Rock
995,The Mountain Goats,Pop/Rock
996,Mazzy Star,Pop/Rock
997,Devo,Pop/Rock
998,Dexys Midnight Runners,Pop/Rock
999,Lulu,Pop/Rock
1000,King's X,Pop/Rock
1001,The Black Crowes,Pop/Rock
1002,Dream Theater,Pop/Rock
1003,Uriah Heep,Pop/Rock
1004,Justin Timberlake,Pop/Rock
1005,Wendy & Lisa,Pop/Rock
1006,Prefab Sprout,Pop/Rock
1007,Cilla Black,Pop/Rock
1008,*NSYNC,Pop/Rock
1009,Godsmack,Pop/Rock
1010,Soul Asylum,Pop/Rock
1011,Mark Knopfler,Pop/Rock
1012,Tantric,Pop/Rock
1013,Wizzard,Pop/Rock
1014,The Marshall Tucker Band,Pop/Rock
1015,Tesla,Pop/Rock
1016,Every Avenue,Pop/Rock
1017,The Deviants,Pop/Rock
1018,Bow Wow Wow,Pop/Rock
1019,Malcolm McLaren,Pop/Rock
1020,Nelly Furtado,Pop/Rock
1021,Zucchero,Pop/Rock
1022,Nina Hagen,Pop/Rock
1023,Camper Van Beethoven,Pop/Rock
1024,Sixpence None the Richer,Pop/Rock
1025,The Proclaimers,Pop/Rock
1026,Oingo Boingo,Pop/Rock
1027,Jars of Clay,Pop/Rock
1028,Spirit,Pop/Rock
1029,AFI,Pop/Rock
1030,The Get Up Kids,Pop/Rock
1031,Modest Mouse,Pop/Rock
1032,Captain & Tennille,Pop/Rock
1033,Superchunk,Pop/Rock
1034,Eddie & the Hot Rods,Pop/Rock
1035,Polvo,Pop/Rock
1036,Archers of Loaf,Pop/Rock
1037,Magazine,Pop/Rock
1038,Mink DeVille,Pop/Rock
1039,Gene Clark,Pop/Rock
1040,New Riders of the Purple Sage,Pop/Rock
1041,Boyzone,Pop/Rock
1042,Toto,Pop/Rock
1043,Luscious Jackson,Pop/Rock
1044,Eric Carmen,Pop/Rock
1045,Leo Sayer,Pop/Rock
1046,The Electric Prunes,Pop/Rock
1047,Strawberry Alarm Clock,Pop/Rock
1048,Barry Adamson,Pop/Rock
1049,Geggy Tah,Pop/Rock
1050,Blind Faith,Pop/Rock
1051,Seal,Pop/Rock
1052,Gerry & the Pacemakers,Pop/Rock
1053,The Trashmen,Pop/Rock
1054,Cursive,Pop/Rock
1055,Taking Back Sunday,Pop/Rock
1056,Pedro the Lion,Pop/Rock
1057,Glassjaw,Pop/Rock
1058,The Presidents of the United States of America,Pop/Rock
1059,Conflict,Pop/Rock
1060,U.K. Subs,Pop/Rock
1061,Dead Can Dance,Pop/Rock
1062,The Box Tops,Pop/Rock
1063,Rancid,Pop/Rock
1064,Matchbox Twenty,Pop/Rock
1065,Better Than Ezra,Pop/Rock
1066,Sting,Pop/Rock
1067,Sum 41,Pop/Rock
1068,The Cowsills,Pop/Rock
1069,Diamond Head,Pop/Rock
1070,Mercyful Fate,Pop/Rock
1071,The Gentrys,Pop/Rock
1072,Cliff Richard,Pop/Rock
1073,Tsunami Bomb,Pop/Rock
1074,The Rezillos,Pop/Rock
1075,Chapterhouse,Pop/Rock
1076,Good Charlotte,Pop/Rock
1077,John Mayer,Pop/Rock
1078,blink-182,Pop/Rock
1079,The dB's,Pop/Rock
1080,Toad the Wet Sprocket,Pop/Rock
1081,Jimmy Eat World,Pop/Rock
1082,Colin Blunstone,Pop/Rock
1083,Widespread Panic,Pop/Rock
1084,Jerry Garcia Band,Pop/Rock
1085,Cock Sparrer,Pop/Rock
1086,Sea Level,Pop/Rock
1087,Wet Willie,Pop/Rock
1088,Timi Yuro,Pop/Rock
1089,Bonnie Tyler,Pop/Rock
1090,Bowling for Soup,Pop/Rock
1091,Backstreet Boys,Pop/Rock
1092,East 17,Pop/Rock
1093,The Osmonds,Pop/Rock
1094,Focus,Pop/Rock
1095,Donna the Buffalo,Pop/Rock
1096,Ginger Baker,Pop/Rock
1097,Canned Heat,Pop/Rock
1098,Shonen Knife,Pop/Rock
1099,The Vaselines,Pop/Rock
1100,MxPx,Pop/Rock
1101,Refused,Pop/Rock
1102,Jackie DeShannon,Pop/Rock
1103,The Fabulous Thunderbirds,Pop/Rock
1104,Eros Ramazzotti,Pop/Rock
1105,Elvin Bishop,Pop/Rock
1106,Duane Allman,Pop/Rock
1107,Voivod,Pop/Rock
1108,Joe Brown,Pop/Rock
1109,Irene Cara,Pop/Rock
1110,Comus,Pop/Rock
1111,Ian Matthews,Pop/Rock
1112,Ghost,Pop/Rock
1113,Norman Greenbaum,Pop/Rock
1114,moe.,Pop/Rock
1115,Mayhem,Pop/Rock
1116,Neko Case,Pop/Rock
1117,Emperor,Pop/Rock
1118,Bruce Hornsby,Pop/Rock
1119,Norah Jones,Pop/Rock
1120,Josef K,Pop/Rock
1121,Scritti Politti,Pop/Rock
1122,Grandaddy,Pop/Rock
1123,Natalie Merchant,Pop/Rock
1124,Aimee Mann,Pop/Rock
1125,Altered Images,Pop/Rock
1126,Spoon,Pop/Rock
1127,Chris Isaak,Pop/Rock
1128,Peter Frampton,Pop/Rock
1129,Lambchop,Pop/Rock
1130,Interpol,Pop/Rock
1131,Bill Justis,Pop/Rock
1132,Sneaker Pimps,Pop/Rock
1133,Harry Nilsson,Pop/Rock
1134,Al Stewart,Pop/Rock
1135,Brian Wilson,Pop/Rock
1136,Kevin Coyne,Pop/Rock
1137,Dan Hicks & His Hot Licks,Pop/Rock
1138,Harry Chapin,Pop/Rock
1139,Jesse Winchester,Pop/Rock
1140,Crimson Glory,Pop/Rock
1141,Yngwie Malmsteen,Pop/Rock
1142,Cake,Pop/Rock
1143,Rick Derringer,Pop/Rock
1144,Berlin,Pop/Rock
1145,Missing Persons,Pop/Rock
1146,Christina Aguilera,Pop/Rock
1147,Ram Jam,Pop/Rock
1148,W.A.S.P.,Pop/Rock
1149,Derek & the Dominos,Pop/Rock
1150,Rites of Spring,Pop/Rock
1151,Asia,Pop/Rock
1152,Jets to Brazil,Pop/Rock
1153,Helloween,Pop/Rock
1154,Savatage,Pop/Rock
1155,Overkill,Pop/Rock
1156,Christian Death,Pop/Rock
1157,Alien Sex Fiend,Pop/Rock
1158,Basia,Pop/Rock
1159,BoySetsFire,Pop/Rock
1160,The Sugarcubes,Pop/Rock
1161,Melanie,Pop/Rock
1162,Ned's Atomic Dustbin,Pop/Rock
1163,The Monochrome Set,Pop/Rock
1164,The Stranglers,Pop/Rock
1165,Neutral Milk Hotel,Pop/Rock
1166,Robin Guthrie,Pop/Rock
1167,Ben Lee,Pop/Rock
1168,The Call,Pop/Rock
1169,Rare Earth,Pop/Rock
1170,Ratt,Pop/Rock
1171,Sodom,Pop/Rock
1172,Buddy Miles,Pop/Rock
1173,Maria Muldaur,Pop/Rock
1174,Rusted Root,Pop/Rock
1175,Dave Matthews,Pop/Rock
1176,Marc Cohn,Pop/Rock
1177,Art Garfunkel,Pop/Rock
1178,The Angels,Pop/Rock
1179,Simply Red,Pop/Rock
1180,Johnny Hallyday,Pop/Rock
1181,Peter Green,Pop/Rock
1182,Debbie Harry,Pop/Rock
1183,Luna,Pop/Rock
1184,The Beautiful South,Pop/Rock
1185,David Byrne,Pop/Rock
1186,Gary Wilson,Pop/Rock
1187,Huey Lewis & the News,Pop/Rock
1188,Vanessa Paradis,Pop/Rock
1189,Brigitte Bardot,Pop/Rock
1190,Dave Stewart,Pop/Rock
1191,Nazareth,Pop/Rock
1192,Phosphorescent,Pop/Rock
1193,Jim Ford,Pop/Rock
1194,Joe South,Pop/Rock
1195,Frankie Avalon,Pop/Rock
1196,Wilco,Pop/Rock
1197,Lone Justice,Pop/Rock
1198,Connie Francis,Pop/Rock
1199,Charlie Sexton,Pop/Rock
1200,Gary Moore,Pop/Rock
1201,Billy Gibbons,Pop/Rock
1202,Atomic Rooster,Pop/Rock
1203,My Chemical Romance,Pop/Rock
1204,King Diamond,Pop/Rock
1205,Southern Culture on the Skids,Pop/Rock
1206,Elvis Costello & the Attractions,Pop/Rock
1207,Andrew Bird,Pop/Rock
1208,Air Supply,Pop/Rock
1209,Angelic Upstarts,Pop/Rock
1210,All,Pop/Rock
1211,Golden Earring,Pop/Rock
1212,Ringo Starr,Pop/Rock
1213,Eva Cassidy,Pop/Rock
1214,Bad Manners,Pop/Rock
1215,Donny Osmond,Pop/Rock
1216,Tommy Sands,Pop/Rock
1217,Paul Stanley,Pop/Rock
1218,Emitt Rhodes,Pop/Rock
1219,Michael McDonald,Pop/Rock
1220,20/20,Pop/Rock
1221,Bobby Rydell,Pop/Rock
1222,The International Submarine Band,Pop/Rock
1223,Crass,Pop/Rock
1224,Curved Air,Pop/Rock
1225,M. Ward,Pop/Rock
1226,Linkin Park,Pop/Rock
1227,Gavin DeGraw,Pop/Rock
1228,Downset,Pop/Rock
1229,The Exploited,Pop/Rock
1230,Nitzer Ebb,Pop/Rock
1231,The Legendary Pink Dots,Pop/Rock
1232,Peter Sarstedt,Pop/Rock
1233,The Business,Pop/Rock
1234,Country Joe & the Fish,Pop/Rock
1235,Naked Eyes,Pop/Rock
1236,Ryan Adams,Pop/Rock
1237,Atomic Kitten,Pop/Rock
1238,Mandy Moore,Pop/Rock
1239,Patty Duke,Pop/Rock
1240,The Knack,Pop/Rock
1241,Avril Lavigne,Pop/Rock
1242,Debbie Gibson,Pop/Rock
1243,Michelle Branch,Pop/Rock
1244,Alejandro Escovedo,Pop/Rock
1245,Rodriguez,Pop/Rock
1246,Duncan Sheik,Pop/Rock
1247,Pop Will Eat Itself,Pop/Rock
1248,Michael Penn,Pop/Rock
1249,The Strokes,Pop/Rock
1250,The Apples in Stereo,Pop/Rock
1251,Converge,Pop/Rock
1252,Michael Nesmith,Pop/Rock
1253,Keith Relf,Pop/Rock
1254,Richard Ashcroft,Pop/Rock
1255,Paul Collins,Pop/Rock
1256,Danny Thompson,Pop/Rock
1257,Fountains of Wayne,Pop/Rock
1258,Material Issue,Pop/Rock
1259,Live,Pop/Rock
1260,Hilary Duff,Pop/Rock
1261,Damien Jurado,Pop/Rock
1262,Chris Cornell,Pop/Rock
1263,Donavon Frankenreiter,Pop/Rock
1264,Supertramp,Pop/Rock
1265,Utopia,Pop/Rock
1266,Paul Carrack,Pop/Rock
1267,The Godz,Pop/Rock
1268,The Libertines,Pop/Rock
1269,John Cooper Clarke,Pop/Rock
1270,Atlanta Rhythm Section,Pop/Rock
1271,The West Coast Pop Art Experimental Band,Pop/Rock
1272,Bush,Pop/Rock
1273,Fall Out Boy,Pop/Rock
1274,Thursday,Pop/Rock
1275,The Killers,Pop/Rock
1276,Third Eye Blind,Pop/Rock
1277,Adolescents,Pop/Rock
1278,The Radiators,Pop/Rock
1279,Love and Rockets,Pop/Rock
1280,Yeah Yeah Yeahs,Pop/Rock
1281,Le Tigre,Pop/Rock
1282,Low,Pop/Rock
1283,The Jayhawks,Pop/Rock
1284,a-ha,Pop/Rock
1285,The Sea and Cake,Pop/Rock
1286,The Selecter,Pop/Rock
1287,Joan Osborne,Pop/Rock
1288,Kelly Clarkson,Pop/Rock
1289,Trio,Pop/Rock
1290,Foghat,Pop/Rock
1291,Clutch,Pop/Rock
1292,Unsane,Pop/Rock
1293,Savoy Brown,Pop/Rock
1294,Bananarama,Pop/Rock
1295,Texas,Pop/Rock
1296,Ronnie Self,Pop/Rock
1297,Katrina & the Waves,Pop/Rock
1298,Kevin Ayers,Pop/Rock
1299,Dashboard Confessional,Pop/Rock
1300,Jessica Simpson,Pop/Rock
1301,Felt,Pop/Rock
1302,Boy George,Pop/Rock
1303,Cornershop,Pop/Rock
1304,Tiffany,Pop/Rock
1305,Trouble,Pop/Rock
1306,Tindersticks,Pop/Rock
1307,David Crosby,Pop/Rock
1308,Steve Forbert,Pop/Rock
1309,Machine Head,Pop/Rock
1310,Great White,Pop/Rock
1311,Tommy James,Pop/Rock
1312,Lindsay Lohan,Pop/Rock
1313,Collective Soul,Pop/Rock
1314,Cowboy Mouth,Pop/Rock
1315,Ozomatli,Pop/Rock
1316,Ugly Casanova,Pop/Rock
1317,Seven Mary Three,Pop/Rock
1318,Paula Cole,Pop/Rock
1319,Lisa Loeb,Pop/Rock
1320,The The,Pop/Rock
1321,Masters of Reality,Pop/Rock
1322,Garbage,Pop/Rock
1323,Death Cab for Cutie,Pop/Rock
1324,Bobby Vee,Pop/Rock
1325,Blue Rodeo,Pop/Rock
1326,Marvelous 3,Pop/Rock
1327,Belinda Carlisle,Pop/Rock
1328,Psychic TV,Pop/Rock
1329,Dion & the Belmonts,Pop/Rock
1330,Blitz,Pop/Rock
1331,Catherine Wheel,Pop/Rock
1332,Randy Rhoads,Pop/Rock
1333,Leatherface,Pop/Rock
1334,The Gories,Pop/Rock
1335,Black Oak Arkansas,Pop/Rock
1336,The Feelies,Pop/Rock
1337,Tonic,Pop/Rock
1338,Grace Slick,Pop/Rock
1339,The Records,Pop/Rock
1340,Tygers of Pan Tang,Pop/Rock
1341,Five for Fighting,Pop/Rock
1342,Fad Gadget,Pop/Rock
1343,Shriekback,Pop/Rock
1344,Placebo,Pop/Rock
1345,Go West,Pop/Rock
1346,Keith Emerson,Pop/Rock
1347,Exodus,Pop/Rock
1348,Tortoise,Pop/Rock
1349,Adriano Celentano,Pop/Rock
1350,Sleater-Kinney,Pop/Rock
1351,Elf,Pop/Rock
1352,Reel Big Fish,Pop/Rock
1353,Rockpile,Pop/Rock
1354,The Dream Syndicate,Pop/Rock
1355,Shellac,Pop/Rock
1356,The Jesus Lizard,Pop/Rock
1357,Steve Vai,Pop/Rock
1358,John D. Loudermilk,Pop/Rock
1359,Judge,Pop/Rock
1360,The Fixx,Pop/Rock
1361,Night Ranger,Pop/Rock
1362,The Fugitives,Pop/Rock
1363,Finch,Pop/Rock
1364,Simple Plan,Pop/Rock
1365,Lyres,Pop/Rock
1366,Under√É¬∏ath,Pop/Rock
1367,Martin Gore,Pop/Rock
1368,Roxette,Pop/Rock
1369,Sophie B. Hawkins,Pop/Rock
1370,Fastball,Pop/Rock
1371,David Gilmour,Pop/Rock
1372,Lowell George,Pop/Rock
1373,'Til Tuesday,Pop/Rock
1374,The Breeders,Pop/Rock
1375,Madball,Pop/Rock
1376,The Real Kids,Pop/Rock
1377,Pure Prairie League,Pop/Rock
1378,Sugar Ray,Pop/Rock
1379,The Vibrators,Pop/Rock
1380,Chad & Jeremy,Pop/Rock
1381,Poe,Pop/Rock
1382,Stereophonics,Pop/Rock
1383,Mungo Jerry,Pop/Rock
1384,The Walker Brothers,Pop/Rock
1385,Julian Cope,Pop/Rock
1386,P.O.D.,Pop/Rock
1387,Hoobastank,Pop/Rock
1388,The Georgia Satellites,Pop/Rock
1389,Carnivore,Pop/Rock
1390,Samiam,Pop/Rock
1391,Lenny Welch,Pop/Rock
1392,Henry Lee Summer,Pop/Rock
1393,Scandal,Pop/Rock
1394,The Jon Spencer Blues Explosion,Pop/Rock
1395,The Kills,Pop/Rock
1396,Monster Magnet,Pop/Rock
1397,Fu Manchu,Pop/Rock
1398,The Monks,Pop/Rock
1399,The Corrs,Pop/Rock
1400,Natalie Imbruglia,Pop/Rock
1401,Kix,Pop/Rock
1402,Titus Turner,Pop/Rock
1403,Tony Levin,Pop/Rock
1404,Robert Gordon,Pop/Rock
1405,The Chantays,Pop/Rock
1406,Dokken,Pop/Rock
1407,Oysterhead,Pop/Rock
1408,The Mothers of Invention,Pop/Rock
1409,Phil Manzanera,Pop/Rock
1410,Brand X,Pop/Rock
1411,Translator,Pop/Rock
1412,George Thorogood,Pop/Rock
1413,Dropkick Murphys,Pop/Rock
1414,Shinedown,Pop/Rock
1415,No Doubt,Pop/Rock
1416,Jo Jo Gunne,Pop/Rock
1417,"Crosby, Stills, Nash & Young",Pop/Rock
1418,Staind,Pop/Rock
1419,Robbie Williams,Pop/Rock
1420,3 Doors Down,Pop/Rock
1421,Miracle Legion,Pop/Rock
1422,The Slackers,Pop/Rock
1423,Dance Hall Crashers,Pop/Rock
1424,The Tubes,Pop/Rock
1425,54-40,Pop/Rock
1426,Eagle-Eye Cherry,Pop/Rock
1427,B-Movie,Pop/Rock
1428,The Blasters,Pop/Rock
1429,The Young Rascals,Pop/Rock
1430,Chris Whitley,Pop/Rock
1431,Plastic Bertrand,Pop/Rock
1432,Sneaky Pete Kleinow,Pop/Rock
1433,Haircut 100,Pop/Rock
1434,Esquerita,Pop/Rock
1435,Racer X,Pop/Rock
1436,Jill Sobule,Pop/Rock
1437,fIREHOSE,Pop/Rock
1438,Christopher Cross,Pop/Rock
1439,The Wallflowers,Pop/Rock
1440,Little River Band,Pop/Rock
1441,Edwyn Collins,Pop/Rock
1442,David Foster,Pop/Rock
1443,Possessed,Pop/Rock
1444,Semisonic,Pop/Rock
1445,Rita Coolidge,Pop/Rock
1446,The Brian Jonestown Massacre,Pop/Rock
1447,Dave Alvin,Pop/Rock
1448,Wilson Phillips,Pop/Rock
1449,Machines of Loving Grace,Pop/Rock
1450,Captain Beyond,Pop/Rock
1451,Kim Wilde,Pop/Rock
1452,Westlife,Pop/Rock
1453,Steve Perry,Pop/Rock
1454,John Waite,Pop/Rock
1455,Smog,Pop/Rock
1456,The Hondells,Pop/Rock
1457,Cactus,Pop/Rock
1458,Tuxedomoon,Pop/Rock
1459,Chris Montez,Pop/Rock
1460,The Uniques,Pop/Rock
1461,Classics IV,Pop/Rock
1462,Further Seems Forever,Pop/Rock
1463,Of Montreal,Pop/Rock
1464,Shadows Fall,Pop/Rock
1465,The Fray,Pop/Rock
1466,Electronic,Pop/Rock
1467,Switchfoot,Pop/Rock
1468,Werly Fairburn,Pop/Rock
1469,Brownsville Station,Pop/Rock
1470,Bright Eyes,Pop/Rock
1471,MC 900 Ft. Jesus,Pop/Rock
1472,The Starting Line,Pop/Rock
1473,The Rivieras,Pop/Rock
1474,Milli Vanilli,Pop/Rock
1475,Joey Dee,Pop/Rock
1476,Billy Thorpe,Pop/Rock
1477,Bobby Brown,Pop/Rock
1478,New Found Glory,Pop/Rock
1479,The Tokens,Pop/Rock
1480,The Remains,Pop/Rock
1481,Pilot,Pop/Rock
1482,Howie Day,Pop/Rock
1483,Seaweed,Pop/Rock
1484,The Rentals,Pop/Rock
1485,Days of the New,Pop/Rock
1486,Cranes,Pop/Rock
1487,A.R. Kane,Pop/Rock
1488,Mina,Pop/Rock
1489,Broken Social Scene,Pop/Rock
1490,Triumph,Pop/Rock
1491,Bruce Dickinson,Pop/Rock
1492,Toadies,Pop/Rock
1493,Iron and Wine,Pop/Rock
1494,Guadalcanal Diary,Pop/Rock
1495,Nickelback,Pop/Rock
1496,Yo-Yo,Pop/Rock
1497,Jennifer Love Hewitt,Pop/Rock
1498,Wang Chung,Pop/Rock
1499,Jewel,Pop/Rock
1500,Steve Harley,Pop/Rock
1501,Rocket from the Crypt,Pop/Rock
1502,Buffalo Tom,Pop/Rock
1503,Jacques Dutronc,Pop/Rock
1504,The Babys,Pop/Rock
1505,Maroon 5,Pop/Rock
1506,Colin Hay,Pop/Rock
1507,Klaatu,Pop/Rock
1508,Brooklyn Bridge,Pop/Rock
1509,Nightwish,Pop/Rock
1510,Keane,Pop/Rock
1511,Our Lady Peace,Pop/Rock
1512,Jon Brion,Pop/Rock
1513,Egg Hunt,Pop/Rock
1514,Warrant,Pop/Rock
1515,Phil Ramone,Pop/Rock
1516,Arif Mardin,Pop/Rock
1517,Primitive Radio Gods,Pop/Rock
1518,Iced Earth,Pop/Rock
1519,The Vapors,Pop/Rock
1520,Sigur R√É¬≥s,Pop/Rock
1521,White Lion,Pop/Rock
1522,Mad Season,Pop/Rock
1523,Hanson,Pop/Rock
1524,Gang Green,Pop/Rock
1525,The Used,Pop/Rock
1526,Temple of the Dog,Pop/Rock
1527,Silverchair,Pop/Rock
1528,Whiskeytown,Pop/Rock
1529,999,Pop/Rock
1530,Animal Collective,Pop/Rock
1531,Silver Jews,Pop/Rock
1532,Franz Ferdinand,Pop/Rock
1533,Mano Negra,Pop/Rock
1534,Space,Pop/Rock
1535,Sugar,Pop/Rock
1536,New Musik,Pop/Rock
1537,Swell,Pop/Rock
1538,Type O Negative,Pop/Rock
1539,Cannibal Corpse,Pop/Rock
1540,The Bouncing Souls,Pop/Rock
1541,Modern English,Pop/Rock
1542,Fifty Foot Hose,Pop/Rock
1543,Swingin' Utters,Pop/Rock
1544,General Public,Pop/Rock
1545,Son Volt,Pop/Rock
1546,The Pop Group,Pop/Rock
1547,Panic! At the Disco,Pop/Rock
1548,Ben Folds Five,Pop/Rock
1549,Ash,Pop/Rock
1550,Rufus Wainwright,Pop/Rock
1551,Scissor Sisters,Pop/Rock
1552,Sevendust,Pop/Rock
1553,Marine Girls,Pop/Rock
1554,Coal Chamber,Pop/Rock
1555,Mudvayne,Pop/Rock
1556,Three Dog Night,Pop/Rock
1557,Dicks,Pop/Rock
1558,The Sapphires,Pop/Rock
1559,Spanky & Our Gang,Pop/Rock
1560,Labradford,Pop/Rock
1561,Powerman 5000,Pop/Rock
1562,The Bats,Pop/Rock
1563,Calexico,Pop/Rock
1564,Poi Dog Pondering,Pop/Rock
1565,The Cyrkle,Pop/Rock
1566,Harpers Bizarre,Pop/Rock
1567,Snapcase,Pop/Rock
1568,Midtown,Pop/Rock
1569,Crucifix,Pop/Rock
1570,Millencolin,Pop/Rock
1571,Vasco Rossi,Pop/Rock
1572,Muse,Pop/Rock
1573,Nena,Pop/Rock
1574,French Kicks,Pop/Rock
1575,Fuel,Pop/Rock
1576,Rose Tattoo,Pop/Rock
1577,Kenny Wayne Shepherd,Pop/Rock
1578,L.A. Guns,Pop/Rock
1579,Steven Tyler,Pop/Rock
1580,Three Days Grace,Pop/Rock
1581,The Wailers,Pop/Rock
1582,Jesse McCartney,Pop/Rock
1583,Joseph Arthur,Pop/Rock
1584,My Morning Jacket,Pop/Rock
1585,The Beta Band,Pop/Rock
1586,t.A.T.u.,Pop/Rock
1587,Busted,Pop/Rock
1588,Kings of Leon,Pop/Rock
1589,Motion City Soundtrack,Pop/Rock
1590,Mae,Pop/Rock
1591,Melanie C,Pop/Rock
1592,The Dead Weather,Pop/Rock
1593,The Weepies,Pop/Rock
1594,Poison,Pop/Rock
1595,Porcupine Tree,Pop/Rock
1596,Peter Murphy,Pop/Rock
1597,Girls at Our Best!,Pop/Rock
1598,Sasha,Pop/Rock
1599,BBMak,Pop/Rock
1600,All That Remains,Pop/Rock
1601,Puffy AmiYumi,Pop/Rock
1602,Slash,Pop/Rock
1603,The Dandy Warhols,Pop/Rock
1604,Piebald,Pop/Rock
1605,Camera Obscura,Pop/Rock
1606,Ivy,Pop/Rock
1607,Ashlee Simpson,Pop/Rock
1608,April March,Pop/Rock
1609,Alvin Lee,Pop/Rock
1610,Urge Overkill,Pop/Rock
1611,New Model Army,Pop/Rock
1612,Ultra Vivid Scene,Pop/Rock
1613,Danielle Dax,Pop/Rock
1614,Alex Van Halen,Pop/Rock
1615,Audioslave,Pop/Rock
1616,U.K.,Pop/Rock
1617,Texas Tornados,Pop/Rock
1618,Lush,Pop/Rock
1619,Relient K,Pop/Rock
1620,The Mars Volta,Pop/Rock
1621,Colosseum,Pop/Rock
1622,Pinback,Pop/Rock
1623,Unearth,Pop/Rock
1624,Mastodon,Pop/Rock
1625,The Faint,Pop/Rock
1626,Nerf Herder,Pop/Rock
1627,Dead or Alive,Pop/Rock
1628,Green Jelly,Pop/Rock
1629,Romeo Void,Pop/Rock
1630,Huey Lewis,Pop/Rock
1631,Meredith Brooks,Pop/Rock
1632,Coralie Cl√É¬©ment,Pop/Rock
1633,Cockney Rejects,Pop/Rock
1634,Joey McIntyre,Pop/Rock
1635,Paul Revere & the Raiders,Pop/Rock
1636,Turbonegro,Pop/Rock
1637,Allan Holdsworth,Pop/Rock
1638,Tommy Bolin,Pop/Rock
1639,Bastille,Pop/Rock
1640,Kimya Dawson,Pop/Rock
1641,Plumb,Pop/Rock
1642,Cast,Pop/Rock
1643,Taylor Dayne,Pop/Rock
1644,Shelley Fabares,Pop/Rock
1645,Steve Hackett,Pop/Rock
1646,Hum,Pop/Rock
1647,Rob Halford,Pop/Rock
1648,Caribou,Pop/Rock
1649,The Album Leaf,Pop/Rock
1650,Paul Brady,Pop/Rock
1651,The Normal,Pop/Rock
1652,Coheed and Cambria,Pop/Rock
1653,Rihanna,Pop/Rock
1654,Katy Perry,Pop/Rock
1655,Leona Lewis,Pop/Rock
1656,Funeral for a Friend,Pop/Rock
1657,Kings of Convenience,Pop/Rock
1658,Ray LaMontagne,Pop/Rock
1659,The Avett Brothers,Pop/Rock
1660,Demi Lovato,Pop/Rock
1661,The Black Keys,Pop/Rock
1662,Fleet Foxes,Pop/Rock
1663,Mystery Jets,Pop/Rock
1664,Band of Horses,Pop/Rock
1665,Deerhunter,Pop/Rock
1666,Foals,Pop/Rock
1667,Flume,Pop/Rock
1668,Grimes,Pop/Rock
1669,Sleigh Bells,Pop/Rock
1670,Bon Iver,Pop/Rock
1671,Uncle Kracker,Pop/Rock
1672,Taylor Swift,Pop/Rock
1673,LMFAO,Pop/Rock
1674,Phoenix,Pop/Rock
1675,Karnivool,Pop/Rock
1676,Alt-J,Pop/Rock
1677,Ed Sheeran,Pop/Rock
1678,Arctic Monkeys,Pop/Rock
1679,Paolo Nutini,Pop/Rock
1680,Sufjan Stevens,Pop/Rock
1681,Adele,Pop/Rock
1682,The Wonder Years,Pop/Rock
1683,Jason Mraz,Pop/Rock
1684,The Dangerous Summer,Pop/Rock
1685,All Time Low,Pop/Rock
1686,La Dispute,Pop/Rock
1687,Avenged Sevenfold,Pop/Rock
1688,Jon Bellion,Pop/Rock
1689,Thom Yorke,Pop/Rock
1690,The Postal Service,Pop/Rock
1691,A Perfect Circle,Pop/Rock
1692,The Shins,Pop/Rock
1693,Josh Ritter,Pop/Rock
1694,Bridgit Mendler,Pop/Rock
1695,Jack White,Pop/Rock
1696,Jonas Brothers,Pop/Rock
1697,Steps,Pop/Rock
1698,Hannah Montana,Pop/Rock
1699,Sugababes,Pop/Rock
1700,The Script,Pop/Rock
1701,Emil√É¬≠ana Torrini,Pop/Rock
1702,Bruno Mars,Pop/Rock
1703,The Tremeloes,Pop/Rock
1704,Caravan,Pop/Rock
1705,Mick Taylor,Pop/Rock
1706,Tom Robinson Band,Pop/Rock
1707,Voodoo Glow Skulls,Pop/Rock
1708,Ohio Express,Pop/Rock
1709,King Krule,Pop/Rock
1710,Lady Gaga,Pop/Rock
1711,Vampire Weekend,Pop/Rock
1712,Peter Bjorn and John,Pop/Rock
1713,Lily Allen,Pop/Rock
1714,Regina Spektor,Pop/Rock
1715,Tracey Thorn,Pop/Rock
1716,Mark Ronson,Pop/Rock
1717,Blue,Pop/Rock
1718,Beth Hart,Pop/Rock
1719,Arcade Fire,Pop/Rock
1720,Feist,Pop/Rock
1721,Justin Bieber,Pop/Rock
1722,The Soup Dragons,Pop/Rock
1723,Fun Lovin' Criminals,Pop/Rock
1724,Imogen Heap,Pop/Rock
1725,Xiu Xiu,Pop/Rock
1726,Emmure,Pop/Rock
1727,Aaron Carter,Pop/Rock
1728,Panda Bear,Pop/Rock
1729,Ashley Tisdale,Pop/Rock
1730,The Knife,Pop/Rock
1731,Train,Pop/Rock
1732,Tracy Bonham,Pop/Rock
1733,Katie Herzig,Pop/Rock
1734,Hot Hot Heat,Pop/Rock
1735,Goldfrapp,Pop/Rock
1736,Elbow,Pop/Rock
1737,Metric,Pop/Rock
1738,Mumford & Sons,Pop/Rock
1739,Local Natives,Pop/Rock
1740,Los Campesinos!,Pop/Rock
1741,Dave Grohl,Pop/Rock
1742,The Middle East,Pop/Rock
1743,The Lumineers,Pop/Rock
1744,Tori Kelly,Pop/Rock
1745,Paramore,Pop/Rock
1746,Florence + the Machine,Pop/Rock
1747,One Direction,Pop/Rock
1748,The Wanted,Pop/Rock
1749,Skylar Grey,Pop/Rock
1750,Kesha,Pop/Rock
1751,Okkervil River,Pop/Rock
1752,Bombay Bicycle Club,Pop/Rock
1753,Jordan Knight,Pop/Rock
1754,McFly,Pop/Rock
1755,Goldfinger,Pop/Rock
1756,Thirty Seconds to Mars,Pop/Rock
1757,Angels & Airwaves,Pop/Rock
1758,Grizzly Bear,Pop/Rock
1759,Vengaboys,Pop/Rock
1760,Bleeding Through,Pop/Rock
1761,4 Non Blondes,Pop/Rock
1762,Right Said Fred,Pop/Rock
1763,Al Kooper,Pop/Rock
1764,Elisa,Pop/Rock
1765,Tripping Daisy,Pop/Rock
1766,Jimmy Barnes,Pop/Rock
1767,Manfred Mann's Earth Band,Pop/Rock
1768,Suffocation,Pop/Rock
1769,Anastacia,Pop/Rock
1770,Natasha Bedingfield,Pop/Rock
1771,The Dresden Dolls,Pop/Rock
1772,Gorillaz,Pop/Rock
1773,Dr. Dog,Pop/Rock
1774,Shocking Blue,Pop/Rock
1775,Eddie Vedder,Pop/Rock
1776,Four Year Strong,Pop/Rock
1777,The Thermals,Pop/Rock
1778,Comeback Kid,Pop/Rock
1779,Kirsty MacColl,Pop/Rock
1780,The Olivia Tremor Control,Pop/Rock
1781,DeVotchKa,Pop/Rock
1782,Brandi Carlile,Pop/Rock
1783,Nick Cave & the Bad Seeds,Pop/Rock
1784,Puddle of Mudd,Pop/Rock
1785,Trixter,Pop/Rock
1786,Smash Mouth,Pop/Rock
1787,The 88,Pop/Rock
1788,Terry Stafford,Pop/Rock
1789,Terrorizer,Pop/Rock
1790,Paulina Rubio,Latin
1791,Stephen Bishop,Pop/Rock
1792,Sherbet,Pop/Rock
1793,Shirley Collins,Folk
1794,Amy Grant,Religious
1795,Skindred,Pop/Rock
1796,Tea Leaf Green,Pop/Rock
1797,Sleeping at Last,Pop/Rock
1798,Terry Callier,R&B;
1799,Steve Earle,Country
1800,Terry Allen,Country
1801,The Black Dahlia Murder,Pop/Rock
1802,Andrew W.K.,Pop/Rock
1803,Pebbles,R&B;
1804,Skin Yard,Pop/Rock
1805,Ten Foot Pole,Pop/Rock
1806,Simian,Pop/Rock
1807,Andy Gibb,Pop/Rock
1808,Snot,Pop/Rock
1809,Smoke City,Electronic
1810,The Be Good Tanyas,Pop/Rock
1811,Sophie Ellis-Bextor,Pop/Rock
1812,Steve Goodman,Folk
1813,Terrance Simien,International
1814,Amon Amarth,Pop/Rock
1815,Tricky,Electronic
1816,Technotronic,Electronic
1817,Paul Young,Pop/Rock
1818,The Belmonts,R&B;
1819,Paw,Pop/Rock
1820,Sonny Sharrock,Jazz
1821,The Bellamy Brothers,Country
1822,Susan Tedeschi,Blues
1823,Shooter Jennings,Country
1824,Peabo Bryson,R&B;
1825,Peaches & Herb,R&B;
1826,Angie Stone,R&B;
1827,The Ataris,Pop/Rock
1828,Survivor,Pop/Rock
1829,Steve Roach,New Age
1830,Soilwork,Pop/Rock
1831,The Bluetones,Pop/Rock
1832,Audiovent,Pop/Rock
1833,Steven Halpern,New Age
1834,Angel,Pop/Rock
1835,Angela McCluskey,Pop/Rock
1836,Steve Wariner,Country
1837,Steven Curtis Chapman,Religious
1838,Sonny Landreth,Blues
1839,Branford Marsalis,Jazz
1840,Graham Parker & the Rumour,Pop/Rock
1841,Flaw,Pop/Rock
1842,Emerson Drive,Country
1843,Great Big Sea,International
1844,Edie Brickell,Pop/Rock
1845,Jason Becker,Pop/Rock
1846,Pat Metheny,Jazz
1847,Fine Young Cannibals,Pop/Rock
1848,John Cafferty,Pop/Rock
1849,Drowning Pool,Pop/Rock
1850,Ben Kweller,Pop/Rock
1851,Elvis Crespo,Latin
1852,Electric Wizard,Pop/Rock
1853,Dream Evil,Pop/Rock
1854,Donny Hathaway,R&B;
1855,Cass McCombs,Pop/Rock
1856,Solomon Burke,R&B;
1857,The Long Winters,Pop/Rock
1858,Steve Jablonsky,Stage & Screen
1859,Carlos Ponce,Latin
1860,M People,Electronic
1861,August Burns Red,Pop/Rock
1862,Charlie Robison,Country
1863,Jamiroquai,R&B;
1864,Fischerspooner,Electronic
1865,Jon Hassell,New Age
1866,Faster Pussycat,Pop/Rock
1867,Shirley Bassey,Vocal
1868,Sly & the Family Stone,R&B;
1869,M83,Pop/Rock
1870,Rise Against,Pop/Rock
1871,Firehouse,Pop/Rock
1872,Disturbed,Pop/Rock
1873,Fred Eaglesmith,Folk
1874,Dispatch,Pop/Rock
1875,Dolly Parton,Country
1876,Eloy,Pop/Rock
1877,Jane Child,Pop/Rock
1878,The Edge,Pop/Rock
1879,Bongzilla,Pop/Rock
1880,India.Arie,R&B;
1881,Kele,Pop/Rock
1882,Sister Hazel,Pop/Rock
1883,Tasmin Archer,R&B;
1884,Taste,Pop/Rock
1885,Travis Tritt,Country
1886,Shaun Cassidy,Pop/Rock
1887,Trans-Siberian Orchestra,Classical
1888,Keith Urban,Country
1889,Billy Currington,Country
1890,Kenny Loggins,Pop/Rock
1891,Iris DeMent,Country
1892,The Jackson 5,R&B;
1893,Shawn Mullins,Pop/Rock
1894,Starcastle,Pop/Rock
1895,Spirit of the West,Folk
1896,Patsy Cline,Country
1897,Transvision Vamp,Pop/Rock
1898,TV on the Radio,Pop/Rock
1899,Patrick O'Hearn,New Age
1900,Tanya Tucker,Country
1901,Spinal Tap,Comedy/Spoken
1902,Trick Pony,Country
1903,Tenacious D,Pop/Rock
1904,Tavares,R&B;
1905,Alpha,Electronic
1906,Keith Whitley,Country
1907,Kitaro,New Age
1908,Youth Group,Pop/Rock
1909,Bill Withers,R&B;
1910,Bad English,Pop/Rock
1911,Information Society,Pop/Rock
1912,Biosphere,Electronic
1913,Bracket,Pop/Rock
1914,Christy Moore,International
1915,BlackHawk,Country
1916,Chris Hillman,Country
1917,Birdy,Pop/Rock
1918,Boys Don't Cry,Pop/Rock
1919,The Living End,Pop/Rock
1920,The Lettermen,Vocal
1921,Billy Gilman,Pop/Rock
1922,Billy Joe Royal,Country
1923,Kelis,R&B;
1924,Wolfmother,Pop/Rock
1925,The Judds,Country
1926,Children of Bodom,Pop/Rock
1927,Ill Ni√É¬±o,Pop/Rock
1928,Kem,R&B;
1929,Insane Clown Posse,Pop/Rock
1930,Billy Ray Cyrus,Country
1931,Cowboy Troy,Country
1932,Keith Green,Religious
1933,The Communards,Pop/Rock
1934,SHeDAISY,Country
1935,Taproot,Pop/Rock
1936,Shed Seven,Pop/Rock
1937,Stanley Jordan,Jazz
1938,American Hi-Fi,Pop/Rock
1939,All-4-One,R&B;
1940,Andrew Lloyd Webber,Stage & Screen
1941,Pat Travers,Pop/Rock
1942,Alexisonfire,Pop/Rock
1943,Sergio Mendes,Easy Listening
1944,Tangerine Dream,Electronic
1945,Tanita Tikaram,Pop/Rock
1946,Spineshank,Pop/Rock
1947,Palace,Pop/Rock
1948,Tab Benoit,Blues
1949,Snow Patrol,Pop/Rock
1950,Senses Fail,Pop/Rock
1951,Sharon Jones & the Dap-Kings,R&B;
1952,The Alarm,Pop/Rock
1953,Andy Williams,Vocal
1954,American Head Charge,Pop/Rock
1955,Sparta,Pop/Rock
1956,Ambrosia,Pop/Rock
1957,...And You Will Know Us by the Trail of Dead,Pop/Rock
1958,Tegan and Sara,Pop/Rock
1959,Slightly Stoopid,Pop/Rock
1960,Patty Loveless,Country
1961,Tad,Pop/Rock
1962,Patti LaBelle,R&B;
1963,Skunk Anansie,Pop/Rock
1964,Stars of the Lid,Pop/Rock
1965,Terence Trent D'Arby,R&B;
1966,Patti LuPone,Vocal
1967,Teena Marie,R&B;
1968,Paradise Lost,Pop/Rock
1969,Stars,Pop/Rock
1970,Sizzla,Reggae
1971,Shelby Lynne,Country
1972,Slaughter,Pop/Rock
1973,Amber,Electronic
1974,Shenandoah,Country
1975,Stephen Malkmus,Pop/Rock
1976,Paolo Conte,Vocal
1977,Tony Furtado,Pop/Rock
1978,Selena,Latin
1979,Alicia Keys,R&B;
1980,Deadsy,Pop/Rock
1981,Jaco Pastorius,Jazz
1982,Lacy J. Dalton,Country
1983,LeAnn Rimes,Country
1984,Chromatics,Pop/Rock
1985,Chromeo,Pop/Rock
1986,Colin James,Pop/Rock
1987,Jack Off Jill,Pop/Rock
1988,Kirk Whalum,Jazz
1989,Larry Carlton,Jazz
1990,Book of Love,Pop/Rock
1991,Choking Victim,Pop/Rock
1992,Julio Iglesias,Vocal
1993,Chuck Jackson,R&B;
1994,Kottonmouth Kings,Pop/Rock
1995,Kraftwerk,Electronic
1996,Citizen Cope,Pop/Rock
1997,Crazy Town,Pop/Rock
1998,City Boy,Pop/Rock
1999,Frente!,Pop/Rock
2000,Geddy Lee,Pop/Rock
2001,Grayson Hugh,R&B;
2002,Donald Fagen,Pop/Rock
2003,Joe Ely,Country
2004,Fatboy Slim,Electronic
2005,Labelle,R&B;
2006,Joe Bonamassa,Blues
2007,Chubby Checker,R&B;
2008,Barrett Strong,R&B;
2009,"Hank Williams, Jr.",Country
2010,It's a Beautiful Day,Pop/Rock
2011,Chemlab,Pop/Rock
2012,Chris Duarte,Pop/Rock
2013,Charlie Ventura,Jazz
2014,Jackyl,Pop/Rock
2015,The Dirty Dozen Brass Band,Jazz
2016,Eyeless in Gaza,Pop/Rock
2017,James Brown,R&B;
2018,Jack Wagner,Pop/Rock
2019,The Beloved,Pop/Rock
2020,Parliament,R&B;
2021,Tal Bachman,Pop/Rock
2022,Larry Norman,Religious
2023,Jo Dee Messina,Country
2024,Dwarves,Pop/Rock
2025,Crystal Gayle,Country
2026,Kruder & Dorfmeister,Electronic
2027,Isobel Campbell,Pop/Rock
2028,The Zutons,Pop/Rock
2029,Krokus,Pop/Rock
2030,Colby O'Donis,R&B;
2031,The Pussycat Dolls,Pop/Rock
2032,Cody ChesnuTT,R&B;
2033,Cold,Pop/Rock
2034,Cluster,Electronic
2035,Crossfade,Pop/Rock
2036,Cross Canadian Ragweed,Country
2037,Jackson C. Frank,Folk
2038,Chris Botti,Jazz
2039,Laura Branigan,Pop/Rock
2040,Fefe Dobson,Pop/Rock
2041,Laura Pausini,Pop/Rock
2042,The Creatures,Pop/Rock
2043,BarlowGirl,Pop/Rock
2044,Fozzy,Pop/Rock
2045,Sponge,Pop/Rock
2046,Spyro Gyra,Jazz
2047,Shaggy,Reggae
2048,Ottmar Liebert,New Age
2049,Dope,Pop/Rock
2050,Eve 6,Pop/Rock
2051,The Del Fuegos,Pop/Rock
2052,Basement Jaxx,Electronic
2053,Fever Tree,Pop/Rock
2054,Clay Aiken,Pop/Rock
2055,Cybotron,Electronic
2056,Cutting Crew,Pop/Rock
2057,Eddy Raven,Country
2058,Carlene Carter,Country
2059,The Dukes of Stratosphear,Pop/Rock
2060,The Duprees,R&B;
2061,Tammy Wynette,Country
2062,The Crystal Method,Electronic
2063,Clint Mansell,Stage & Screen
2064,D'Angelo,R&B;
2065,Pat Green,Country
2066,Larry Williams,R&B;
2067,"Earth, Wind & Fire",R&B;
2068,Midlake,Pop/Rock
2069,The Cover Girls,R&B;
2070,Dirty Projectors,Pop/Rock
2071,Anthony Green,Pop/Rock
2072,The Distillers,Pop/Rock
2073,Enigma,Electronic
2074,Leaf Hound,Pop/Rock
2075,B√É¬©la Fleck,Jazz
2076,Bayside,Pop/Rock
2077,Anna Nalick,Pop/Rock
2078,Expos√É¬©,Pop/Rock
2079,Squarepusher,Electronic
2080,Gavin Friday,Pop/Rock
2081,Every Time I Die,Pop/Rock
2082,Take 6,Religious
2083,Flo & Eddie,Pop/Rock
2084,Shania Twain,Country
2085,Grace Jones,R&B;
2086,Ekoostik Hookah,Pop/Rock
2087,Dixie Chicks,Country
2088,Gas,Electronic
2089,En Vogue,R&B;
2090,Faith Hill,Country
2091,Emmylou Harris,Country
2092,Nouvelle Vague,Pop/Rock
2093,DragonForce,Pop/Rock
2094,Derek Trucks,Pop/Rock
2095,Charles & Eddie,R&B;
2096,Drive-By Truckers,Pop/Rock
2097,Ty Herndon,Country
2098,Tuck & Patti,Jazz
2099,Wheatus,Pop/Rock
2100,Amy Millan,Pop/Rock
2101,Wet Wet Wet,Pop/Rock
2102,David Lindley,Pop/Rock
2103,Jamie Cullum,Pop/Rock
2104,Dramarama,Pop/Rock
2105,Janie Fricke,Country
2106,Lou Ann Barton,Blues
2107,Lou Bega,Pop/Rock
2108,Wesley Willis,Pop/Rock
2109,Janet Jackson,R&B;
2110,Vetiver,Pop/Rock
2111,Drake Bell,Pop/Rock
2112,Dido,Pop/Rock
2113,David Guetta,Electronic
2114,Dimmu Borgir,Pop/Rock
2115,Vince Gill,Country
2116,Umphrey's McGee,Pop/Rock
2117,Jonathan Butler,Jazz
2118,John Anderson,Country
2119,Rilo Kiley,Pop/Rock
2120,Life Without Buildings,Pop/Rock
2121,Easy Star All-Stars,Reggae
2122,Dodgy,Pop/Rock
2123,Edwin McCain,Pop/Rock
2124,Ugly Kid Joe,Pop/Rock
2125,Firefall,Pop/Rock
2126,Bebel Gilberto,Latin
2127,Eagles of Death Metal,Pop/Rock
2128,Franke & the Knockouts,Pop/Rock
2129,Electric Six,Pop/Rock
2130,Dionne Warwick,R&B;
2131,Stacey Q,Pop/Rock
2132,Stacie Orrico,Religious
2133,Ben E. King,R&B;
2134,Ricky Van Shelton,Country
2135,Des'ree,R&B;
2136,Down,Pop/Rock
2137,Felix da Housecat,Electronic
2138,Lyle Mays,Jazz
2139,Eddie Floyd,R&B;
2140,Finley Quaye,Pop/Rock
2141,Erykah Badu,R&B;
2142,Don Williams,Country
2143,The Flying Luttenbachers,Jazz
2144,John Martyn,Folk
2145,Gretchen Wilson,Country
2146,Cassandra Wilson,Vocal
2147,Gene Loves Jezebel,Pop/Rock
2148,Deicide,Pop/Rock
2149,Waylon Jennings,Country
2150,Madeleine Peyroux,Vocal
2151,Jacques Brel,Vocal
2152,Chris Thomas,Pop/Rock
2153,Cartel,Pop/Rock
2154,Laraaji,New Age
2155,Confederate Railroad,Unknown
2156,Corey Hart,Pop/Rock
2157,Cibo Matto,Pop/Rock
2158,Coyote Shivers,Pop/Rock
2159,Craig David,R&B;
2160,Chris Thomas King,Blues
2161,Lamb,Electronic
2162,Chuck Prophet,Pop/Rock
2163,The Disco Biscuits,Pop/Rock
2164,Cowboy,Pop/Rock
2165,Len,Pop/Rock
2166,El Gran Silencio,Latin
2167,Christina Milian,R&B;
2168,Richard Swift,Pop/Rock
2169,Cassie,R&B;
2170,Gal Costa,Latin
2171,Freddy Fender,Country
2172,John Parr,Pop/Rock
2173,Eric Serra,Stage & Screen
2174,Wall of Voodoo,Pop/Rock
2175,Gary Stewart,Country
2176,Fun Boy Three,Pop/Rock
2177,Mac Davis,Country
2178,War,R&B;
2179,Galactic,Pop/Rock
2180,John Travolta,Pop/Rock
2181,Eric Johnson,Pop/Rock
2182,Carla Bruni,Pop/Rock
2183,John Tesh,New Age
2184,Left√É¬∂ver Crack,Pop/Rock
2185,Warren Haynes,Pop/Rock
2186,Chantal Kreviazuk,Easy Listening
2187,Halifax,Pop/Rock
2188,Destruction,Pop/Rock
2189,Dos,Pop/Rock
2190,Flogging Molly,Pop/Rock
2191,Funkadelic,R&B;
2192,The Matches,Pop/Rock
2193,Rory Gallagher,Blues
2194,Linda Perhacs,Folk
2195,Plastilina Mosh,Pop/Rock
2196,C√É¬©u,Latin
2197,The Naked Brothers Band,Pop/Rock
2198,Neu!,Electronic
2199,2 Brothers on the 4th Floor,Pop/Rock
2200,Otis Taylor,Blues
2201,Martina McBride,Country
2202,Blitzen Trapper,Pop/Rock
2203,Matt Costa,Pop/Rock
2204,Hollywood Undead,Pop/Rock
2205,Lisa Stansfield,R&B;
2206,Mclusky,Pop/Rock
2207,Junior Brown,Country
2208,Running Wild,Pop/Rock
2209,Ronnie Milsap,Country
2210,Utah Saints,Electronic
2211,Phil Ochs,Folk
2212,Rammstein,Pop/Rock
2213,Roger Sanchez,Electronic
2214,Me First and the Gimme Gimmes,Pop/Rock
2215,Marmalade,Pop/Rock
2216,Aly & AJ,Pop/Rock
2217,Mason Jennings,Pop/Rock
2218,Macy Gray,R&B;
2219,Michel Berger,Pop/Rock
2220,Robin Thicke,R&B;
2221,James Blunt,Pop/Rock
2222,M.I.A.,Electronic
2223,New Grass Revival,Country
2224,Klaxons,Pop/Rock
2225,Lemon Jelly,Electronic
2226,Matt Nathanson,Pop/Rock
2227,Dennis DeYoung,Pop/Rock
2228,Rachelle Ferrell,Vocal
2229,North Mississippi Allstars,Pop/Rock
2230,Razorlight,Pop/Rock
2231,Johnny Adams,Blues
2232,Michael Card,Religious
2233,The Motors,Pop/Rock
2234,The Microphones,Pop/Rock
2235,Norma Jean,Pop/Rock
2236,Deacon Blue,Pop/Rock
2237,John Kay,Pop/Rock
2238,Mahavishnu Orchestra,Jazz
2239,Loretta Lynn,Country
2240,OK Go,Pop/Rock
2241,John Williams,Stage & Screen
2242,Railroad Earth,Pop/Rock
2243,Lee Hazlewood,Country
2244,Ohio Players,R&B;
2245,Jeannie C. Riley,Country
2246,Mary Gauthier,Country
2247,Jem,Pop/Rock
2248,Matt Redman,Religious
2249,Marvin Gaye,R&B;
2250,Charlie Parr,Folk
2251,Mary Black,International
2252,VAST,Pop/Rock
2253,Jens Lekman,Pop/Rock
2254,The Six Parts Seven,Pop/Rock
2255,Jello Biafra,Comedy/Spoken
2256,Matchbook Romance,Pop/Rock
2257,"Jump, Little Children",Pop/Rock
2258,She Wants Revenge,Pop/Rock
2259,Matt Bianco,Pop/Rock
2260,Junkyard,Pop/Rock
2261,Jason Aldean,Country
2262,Company,Pop/Rock
2263,Petra,Religious
2264,Nikki Jean,Pop/Rock
2265,CSS,Pop/Rock
2266,Jesus Jones,Pop/Rock
2267,No Use for a Name,Pop/Rock
2268,Rossington Collins Band,Pop/Rock
2269,Sammy Kershaw,Country
2270,Sarah Brightman,Vocal
2271,Donna Lewis,Pop/Rock
2272,Reckless Kelly,Pop/Rock
2273,Methods of Mayhem,Pop/Rock
2274,Judy Collins,Folk
2275,R√É¬∂yksopp,Electronic
2276,Rodney Crowell,Country
2277,Sammy,Pop/Rock
2278,The King Khan & BBQ Show,Pop/Rock
2279,Roy Buchanan,Blues
2280,Los Lonely Boys,Pop/Rock
2281,Rub√É¬©n Blades,Latin
2282,Richie Havens,Folk
2283,Wayne Smith,Reggae
2284,Medicine,Pop/Rock
2285,Destroyer,Pop/Rock
2286,Junior Vasquez,Electronic
2287,Julee Cruise,Pop/Rock
2288,JoJo,Pop/Rock
2289,We Are Scientists,Pop/Rock
2290,Massive Attack,Electronic
2291,The Academy Is...,Pop/Rock
2292,Love Battery,Pop/Rock
2293,Lisa Lisa,R&B;
2294,"Medeski, Martin & Wood",Jazz
2295,Julie Roberts,Country
2296,Marty Stuart,Country
2297,Nicolette Larson,Pop/Rock
2298,R√É¬≥is√É¬≠n Murphy,Pop/Rock
2299,mewithoutYou,Pop/Rock
2300,Diana Krall,Jazz
2301,The Go! Team,Pop/Rock
2302,Deee-Lite,Pop/Rock
2303,Esperanza Spalding,Jazz
2304,Restless Heart,Country
2305,John Gorka,Folk
2306,Vitamin C,Pop/Rock
2307,Deana Carter,Country
2308,The National,Pop/Rock
2309,Lizz Wright,Jazz
2310,Michael Hurley,Folk
2311,Nick Heyward,Pop/Rock
2312,Meshell Ndegeocello,R&B;
2313,The Meters,R&B;
2314,Natalie Grant,Religious
2315,Wolf Parade,Pop/Rock
2316,The Click Five,Pop/Rock
2317,DevilDriver,Pop/Rock
2318,Liquid Tension Experiment,Pop/Rock
2319,Devendra Banhart,Pop/Rock
2320,Pepper Adams,Jazz
2321,Chiodos,Pop/Rock
2322,Honeymoon Suite,Pop/Rock
2323,Juanes,Latin
2324,Sandy Denny,Folk
2325,Wayne Newton,Vocal
2326,Scooter,Electronic
2327,Diana King,Reggae
2328,Sara Bareilles,Pop/Rock
2329,Grupo Mojado,Latin
2330,White Town,Electronic
2331,Keb' Mo',Blues
2332,Junior Senior,Pop/Rock
2333,Diamond Rio,Country
2334,Medwyn Goodall,New Age
2335,Jon Lucien,Vocal
2336,Red Rat,Reggae
2337,Kathryn Williams,Pop/Rock
2338,People Like Us,Electronic
2339,The Mavericks,Country
2340,Vixen,Pop/Rock
2341,Michael White,Jazz
2342,Randy Waldman,Jazz
2343,Juan Gabriel,Latin
2345,Bloc Party,Pop/Rock
2346,John McLaughlin,Jazz
2347,Dead Meadow,Pop/Rock
2348,The Moldy Peaches,Pop/Rock
2349,Arthur Russell,Avant-Garde
2350,Opeth,Pop/Rock
2351,Nickel Creek,Country
2352,Johnny Clegg,International
2353,Mickey Gilley,Country
2354,The Derek Trucks Band,Pop/Rock
2355,Radney Foster,Country
2356,Johnny Jenkins,Blues
2357,Johnny Hates Jazz,Pop/Rock
2358,Sandi Patty,Religious
2359,Jobriath,Pop/Rock
2360,Be Your Own Pet,Pop/Rock
2361,Zac Brown,Country
2362,Hot Action Cop,Pop/Rock
2363,Death in June,Pop/Rock
2364,The Wannadies,Pop/Rock
2365,Ratatat,Pop/Rock
2366,Death Angel,Pop/Rock
2367,Walk the Moon,Pop/Rock
2368,David Wilcox,Folk
2369,Local H,Pop/Rock
2370,The Subdudes,Pop/Rock
2371,Vitalic,Electronic
2372,Hombres G,Latin
2373,UNKLE,Electronic
2374,John Hartford,Country
2375,MFSB,R&B;
2376,Kenny Rogers,Country
2377,Gossip,Pop/Rock
2378,The Greenhornes,Pop/Rock
2379,Il Divo,Vocal
2380,The J.B.'s,R&B;
2381,Joan Baez,Folk
2382,The Handsome Family,Pop/Rock
2383,The Hives,Pop/Rock
2384,The Jeff Healey Band,Pop/Rock
2385,Circa Survive,Pop/Rock
2386,Bob Schneider,Pop/Rock
2387,Bill Callahan,Pop/Rock
2388,Billy Joe Shaver,Country
2389,The Kentucky Headhunters,Country
2390,Ikon,Electronic
2391,The KLF,Electronic
2392,Bill Bruford,Pop/Rock
2393,The Blackbyrds,R&B;
2394,Beth Nielsen Chapman,Country
2395,Soulive,Jazz
2396,Atreyu,Pop/Rock
2397,Soulwax,Electronic
2398,Big Mountain,Reggae
2399,The Hooters,Pop/Rock
2400,The Receiving End of Sirens,Pop/Rock
2401,Pirates of the Mississippi,Country
2402,Plain White T's,Pop/Rock
2403,Biffy Clyro,Pop/Rock
2404,Kenny Chesney,Country
2405,The Clientele,Pop/Rock
2406,Saga,Pop/Rock
2407,Ronan Keating,Pop/Rock
2408,Rebecca Lynn Howard,Country
2409,Phil Lynott,Pop/Rock
2410,Loudon Wainwright III,Folk
2411,Off Broadway,Pop/Rock
2412,Josh Rouse,Pop/Rock
2413,Sade,R&B;
2414,The Coral,Pop/Rock
2415,Babylon A.D.,Pop/Rock
2416,Bill Fay,Pop/Rock
2417,Kelly Rowland,R&B;
2418,Jon Foreman,Pop/Rock
2419,Bill Frisell,Jazz
2420,Bobbie Gentry,Country
2421,Bobby Bare,Country
2422,The Flys,Pop/Rock
2423,The Chemical Brothers,Electronic
2424,Betty Wright,R&B;
2425,The Explosion,Pop/Rock
2426,Autograph,Pop/Rock
2427,Babyface,R&B;
2428,Chevelle,Pop/Rock
2429,Hawk Nelson,Pop/Rock
2430,Black Box,Electronic
2431,The Jets,Pop/Rock
2432,Amanda Palmer,Pop/Rock
2433,Chris Knight,Country
2434,Chely Wright,Country
2435,Bowery Electric,Pop/Rock
2436,King,Pop/Rock
2437,Ike & Tina Turner,R&B;
2438,Blackfoot,Pop/Rock
2439,Chico Buarque,International
2440,Boyz II Men,R&B;
2441,Kingdom Come,Pop/Rock
2442,Engelbert Humperdinck,Vocal
2443,Hawthorne Heights,Pop/Rock
2444,Jack Ingram,Country
2445,kidneythieves,Pop/Rock
2446,Kim Carnes,Pop/Rock
2447,Vashti Bunyan,Folk
2448,Connie Smith,Country
2449,The Incredible String Band,Folk
2450,The Flying Lizards,Electronic
2451,B.J. Thomas,Country
2452,B*Witched,Pop/Rock
2453,The Casualties,Pop/Rock
2454,Blue States,Electronic
2455,The Chambers Brothers,R&B;
2456,The Chords,Pop/Rock
2457,Silverstein,Pop/Rock
2458,The Big Wu,Pop/Rock
2459,Betty Davis,R&B;
2460,Blake Shelton,Country
2461,Black Label Society,Pop/Rock
2462,The Bottle Rockets,Pop/Rock
2463,King Radio,International
2464,Keyshia Cole,R&B;
2465,Big Bad Voodoo Daddy,Pop/Rock
2466,Charlotte Church,Classical
2467,Bette Midler,Vocal
2468,The Lost Trailers,Country
2469,The Lovin' Spoonful,Folk
2470,Lonnie Mack,Blues
2471,Mario,R&B;
2472,"Peter, Paul and Mary",Folk
2473,S Club 7,Pop/Rock
2474,Editors,Pop/Rock
2475,Little Willie John,R&B;
2476,Old 97's,Pop/Rock
2477,Liza Minnelli,Vocal
2478,Marilyn McCoo,R&B;
2479,The Expendables,Pop/Rock
2480,Royal Crown Revue,Pop/Rock
2481,Celtic Woman,International
2482,Jos√É¬© Feliciano,Vocal
2483,Dillinger Four,Pop/Rock
2484,Michael Jackson,R&B;
2485,Jordan Rudess,Pop/Rock
2486,Nile Rodgers,R&B;
2487,Kano,R&B;
2488,Jon B.,R&B;
2489,Rudy Ray Moore,Comedy/Spoken
2490,Department S,Pop/Rock
2491,Martha Wainwright,Pop/Rock
2492,Merle Haggard,Country
2493,Say Anything,Pop/Rock
2494,Jon Secada,R&B;
2495,Jonny Lang,Pop/Rock
2496,Hot Chocolate,R&B;
2497,Nuclear Assault,Pop/Rock
2498,Mariah Carey,R&B;
2499,Little Big Town,Country
2500,Prince Buster,Reggae
2501,Lifehouse,Pop/Rock
2502,10 Years,Pop/Rock
2503,Blindside,Pop/Rock
2504,Martin Sexton,Folk
2505,Marconi Union,Electronic
2506,Nanci Griffith,Country
2507,Jonathan Coulton,Pop/Rock
2508,Junkie XL,Electronic
2509,Rage,Pop/Rock
2510,Eluveitie,Pop/Rock
2511,Jesse Cook,New Age
2512,Ricky Martin,Latin
2513,Amos Lee,Pop/Rock
2514,Lighthouse,Pop/Rock
2515,Chris Brown,R&B;
2516,Jeffrey Lewis,Folk
2517,Hooverphonic,Pop/Rock
2518,Little Texas,Country
2519,Rick Trevino,Country
2520,Penetration,Pop/Rock
2521,Luis Miguel,Latin
2522,Lucero,Pop/Rock
2523,Luis Fonsi,Latin
2524,John Barry,Stage & Screen
2525,Miles Davis,Jazz
2526,Richard Hawley,Pop/Rock
2527,Los Fabulosos Cadillacs,Latin
2528,Robert Randolph,Religious
2529,Pink Martini,Pop/Rock
2530,Roberta Flack,R&B;
2531,Saigon Kick,Pop/Rock
2532,Porno for Pyros,Pop/Rock
2533,Josh Kelley,Pop/Rock
2534,Rooney,Pop/Rock
2535,Lonestar,Country
2536,Robbie Dupree,Pop/Rock
2537,Josh Groban,Vocal
2538,Planet P Project,Pop/Rock
2539,Kajagoogoo,Pop/Rock
2540,Josh Turner,Country
2541,Hoyt Axton,Country
2542,Otis Redding,R&B;
2543,Michael W. Smith,Religious
2544,Propellerheads,Electronic
2545,Marta S√É¬°nchez,Latin
2546,Julian Lennon,Pop/Rock
2547,Hoodoo Gurus,Pop/Rock
2548,Prince,R&B;
2549,Return to Forever,Jazz
2550,Kathy Mattea,Country
2551,Kasabian,Pop/Rock
2552,Old Crow Medicine Show,Pop/Rock
2553,Justin Adams,R&B;
2554,Martin Rev,Pop/Rock
2555,Pete Droge,Pop/Rock
2556,The Kooks,Pop/Rock
2557,Mest,Pop/Rock
2558,Jet,Pop/Rock
2559,Rosanne Cash,Country
2560,Lorrie Morgan,Country
2561,Platinum Blonde,Pop/Rock
2562,Robert Earl Keen,Folk
2563,Joss Stone,Pop/Rock
2564,Sam Bush,Country
2565,Play,Pop/Rock
2566,Mindless Self Indulgence,Pop/Rock
2567,Taken by Trees,Pop/Rock
2568,Dirty Heads,Pop/Rock
2569,Air,Electronic
2570,Tomahawk,Pop/Rock
2571,Mr. Big,Pop/Rock
2572,Mother Earth,Electronic
2573,Aqua,Pop/Rock
2574,Afro Celt Sound System,Pop/Rock
2575,12 Stones,Pop/Rock
2576,Tinariwen,International
2577,Al Di Meola,Jazz
2578,Yonder Mountain String Band,Country
2579,The Weakerthans,Pop/Rock
2580,Miranda Lambert,Country
2581,Minus the Bear,Pop/Rock
2582,The Rembrandts,Pop/Rock
2583,Milton Nascimento,Latin
2584,Adema,Pop/Rock
2585,Mayday Parade,Pop/Rock
2586,The Knocks,Pop/Rock
2587,Someone Still Loves You Boris Yeltsin,Pop/Rock
2588,The Sword,Pop/Rock
2589,Alice Smith,R&B;
2590,Mike Reid,Country
2591,James Morrison,Pop/Rock
2592,Bat for Lashes,Pop/Rock
2593,Gnarls Barkley,R&B;
2594,Republica,Pop/Rock
2595,Ocean Colour Scene,Pop/Rock
2596,Revis,Pop/Rock
2597,Michael Bubl√É¬©,Vocal
2598,Michael Hedges,New Age
2599,Jim Reeves,Country
2600,The Soul Survivors,R&B;
2601,The Romantics,Pop/Rock
2602,(hed) p.e.,Pop/Rock
2603,Yael Na√É¬Øm,Pop/Rock
2604,Special Duties,Pop/Rock
2605,Alan Jackson,Country
2606,SWV,R&B;
2607,Mirwais,Electronic
2608,The Producers,Pop/Rock
2609,Otep,Pop/Rock
2610,Los Secretos,Latin
2611,The Saw Doctors,Pop/Rock
2612,YACHT,Pop/Rock
2613,Strawberry Switchblade,Pop/Rock
2614,Eric Church,Country
2615,Jordan Pruitt,Pop/Rock
2616,Amy Winehouse,R&B;
2617,The Bravery,Pop/Rock
2618,Britny Fox,Pop/Rock
2619,Bronski Beat,Pop/Rock
2620,Joshua Radin,Pop/Rock
2621,Seether,Pop/Rock
2622,The Power Station,Pop/Rock
2623,Stone Sour,Pop/Rock
2624,Todd Snider,Pop/Rock
2625,The Samples,Pop/Rock
2626,My Life with the Thrill Kill Kult,Pop/Rock
2627,Mushroomhead,Pop/Rock
2628,Aldo Nova,Pop/Rock
2629,Thrice,Pop/Rock
2630,Aphex Twin,Electronic
2631,Anouk,Pop/Rock
2632,Another Bad Creation,R&B;
2633,Mr. Mister,Pop/Rock
2634,Metro Station,Pop/Rock
2635,Ashford & Simpson,R&B;
2636,Anne Murray,Country
2637,David Allan Coe,Country
2638,Brian Blade,Jazz
2639,Strangefolk,Pop/Rock
2640,Against Me!,Pop/Rock
2641,Arch Enemy,Pop/Rock
2642,Morcheeba,Electronic
2643,Theory of a Deadman,Pop/Rock
2644,Tina Turner,R&B;
2645,Against All Authority,Pop/Rock
2646,M√É¬≥nica Naranjo,Latin
2647,Thievery Corporation,Electronic
2648,Ryuichi Sakamoto,Electronic
2649,Buffy Sainte-Marie,Folk
2650,Bulletboys,Pop/Rock
2651,Aslan,Pop/Rock
2652,Third Day,Religious
2653,Acceptance,Pop/Rock
2654,Tiger Army,Pop/Rock
2655,Mother Love Bone,Pop/Rock
2656,Tim McGraw,Country
2657,April Wine,Pop/Rock
2658,Buckethead,Avant-Garde
2659,Missy Elliott,R&B;
2660,Samantha Mumba,Pop/Rock
2661,Savage Garden,Pop/Rock
2662,Vangelis,Electronic
2663,Julieta Venegas,Latin
2664,Lucinda Williams,Folk
2665,Lit,Pop/Rock
2666,Juice Newton,Country
2667,Sawyer Brown,Country
2668,Julia Fordham,Pop/Rock
2669,Little Caesar,Pop/Rock
2670,Vanessa Carlton,Pop/Rock
2671,Pentangle,Folk
2672,June Tabor,Folk
2673,RuPaul,Pop/Rock
2674,Richard Cheese,Pop/Rock
2675,Pitchshifter,Pop/Rock
2676,Rotary Connection,R&B;
2677,Jill Scott,R&B;
2678,Kaki King,Pop/Rock
2679,Planxty,International
2680,S√É¬©bastien Tellier,Pop/Rock
2681,Jeffrey Gaines,Pop/Rock
2682,Clap Your Hands Say Yeah,Pop/Rock
2683,Phil Keaggy,Religious
2684,Los del Rio,Latin
2685,Jennifer Paige,Pop/Rock
2686,Save Ferris,Pop/Rock
2687,Rachael Yamagata,Pop/Rock
2688,Powderfinger,Pop/Rock
2689,Augustana,Pop/Rock
2690,Kaskade,Electronic
2691,Jos√É¬© Gonz√É¬°lez,Pop/Rock
2692,Mayday,International
2693,Maxwell,R&B;
2694,Randy VanWarmer,Pop/Rock
2695,Ruby,Electronic
2696,Kate & Anna McGarrigle,Folk
2697,Bullet for My Valentine,Pop/Rock
2698,Brett Dennen,Pop/Rock
2699,Mat Kearney,Pop/Rock
2700,Nelson,Pop/Rock
2701,Metal Church,Pop/Rock
2702,Ralph McTell,Folk
2703,Carrie Underwood,Country
2704,Janelle Mon√É¬°e,R&B;
2705,Rascal Flatts,Country
2706,Melba Montgomery,Country
2707,MercyMe,Religious
2708,Men at Work,Pop/Rock
2709,Deadmau5,Electronic
2710,KT Tunstall,Pop/Rock
2711,Velvet Revolver,Pop/Rock
2713,MUTEMATH,Pop/Rock
2714,Thousand Foot Krutch,Pop/Rock
2715,Arlo Guthrie,Folk
2716,Tift Merritt,Country
2717,Thunder,Pop/Rock
2718,Therapy?,Pop/Rock
2719,Reef,Pop/Rock
2720,The Orb,Electronic
2721,Red Lorry Yellow Lorry,Pop/Rock
2722,The O.C. Supertones,Pop/Rock
2723,O-Town,Pop/Rock
2724,Red Rider,Pop/Rock
2725,Rene√É¬© Olstead,Vocal
2726,Merril Bainbridge,Pop/Rock
2727,Mijares,Latin
2728,The Radio Dept.,Pop/Rock
2729,3 Inches of Blood,Pop/Rock
2730,Escape the Fate,Pop/Rock
2731,The Von Bondies,Pop/Rock
2732,Phantom Planet,Pop/Rock
2733,Pete Yorn,Pop/Rock
2734,Section 25,Pop/Rock
2735,Jerry Jeff Walker,Country
2736,The Tornados,Pop/Rock
2737,The Undisputed Truth,R&B;
2738,The Veldt,Pop/Rock
2739,Montgomery Gentry,Country
2740,808 State,Electronic
2741,45 Grave,Pop/Rock
2742,A Static Lullaby,Pop/Rock
2743,The Streets,Electronic
2744,The String Cheese Incident,Pop/Rock
2745,Burial,Electronic
2746,Jason Derulo,Pop/Rock
2747,Burzum,Pop/Rock
2748,Molotov,Latin
2749,Os Mutantes,International
2750,The Cave Singers,Pop/Rock
2751,Yeasayer,Pop/Rock
2752,Annette Peacock,Jazz
2753,The New Pornographers,Pop/Rock
2754,Golden Smog,Pop/Rock
2755,Hella,Pop/Rock
2756,Cute Is What We Aim For,Pop/Rock
2757,The Cribs,Pop/Rock
2758,The Rapture,Electronic
2759,Gordon Lightfoot,Folk
2760,Damien Rice,Folk
2761,Gilberto Gil,International
2762,The Ocean Blue,Pop/Rock
2763,Memphis May Fire,Pop/Rock
2764,Guttermouth,Pop/Rock
2765,Dance Gavin Dance,Pop/Rock
2766,Dan Hill,Pop/Rock
2767,Moloko,Electronic
2768,Daft Punk,Electronic
2769,The Verve Pipe,Pop/Rock
2770,The Felice Brothers,Pop/Rock
2771,Camouflage,Pop/Rock
2772,The Wonder Stuff,Unknown
2773,Within Temptation,Pop/Rock
2774,The Pietasters,Pop/Rock
2775,The Witnesses,Pop/Rock
2776,Mike Shinoda,Pop/Rock
2777,Gogol Bordello,Pop/Rock
2778,The Menzingers,Pop/Rock
2779,St. Vincent,Pop/Rock
2780,Brian Poole & the Tremeloes,Pop/Rock
2781,Marc Almond,Electronic
2782,Brian Culbertson,Jazz
2783,Frightened Rabbit,Pop/Rock
2784,Brian Tyler,Stage & Screen
2785,Jack's Mannequin,Pop/Rock
2786,Justice,Electronic
2787,The Maine,Pop/Rock
2788,The Motels,Pop/Rock
2789,Madina Lake,Pop/Rock
2790,Mika,Pop/Rock
2791,Marcus Miller,Jazz
2792,CKY,Pop/Rock
2793,Five Finger Death Punch,Pop/Rock
2794,Strike Anywhere,Pop/Rock
2795,The Walkmen,Pop/Rock
2796,Atlas Sound,Pop/Rock
2797,Man√É¬°,Latin
2798,Mike Oldfield,New Age
2799,Moby,Electronic
2800,The Manhattan Transfer,Vocal
2801,Caetano Veloso,Latin
2802,Mike Laure,Latin
2803,Ryan Bingham,Country
2804,The Mooney Suzuki,Pop/Rock
2805,Orbital,Electronic
2806,Marc Anthony,Latin
2807,Manu Chao,Latin
2808,The Outfield,Pop/Rock
2809,A Skylit Drive,Pop/Rock
2810,Helen Reddy,Vocal
2811,Mannheim Steamroller,New Age
2812,Mandrill,R&B;
2813,Katharine McPhee,Pop/Rock
2814,Shiny Toy Guns,Electronic
2815,David Bromberg,Folk
2816,3LW,Pop/Rock
2817,Buckwheat Zydeco,International
2818,Danity Kane,R&B;
2819,Buck-O-Nine,Pop/Rock
2820,Sugarland,Country
2821,H2O,Pop/Rock
2822,Glen Campbell,Country
2823,Missy Higgins,Pop/Rock
2824,The Dodos,Pop/Rock
2825,Hercules & Love Affair,Electronic
2826,Godspeed You! Black Emperor,Pop/Rock
2827,Glenn Frey,Pop/Rock
2828,Cascada,Electronic
2829,Ingrid Michaelson,Pop/Rock
2830,Caviar,Pop/Rock
2831,Gary Allan,Country
2832,Off with Their Heads,Pop/Rock
2833,OneRepublic,Pop/Rock
2834,The Rockin' Berries,Pop/Rock
2835,Gil Scott-Heron,R&B;
2836,Gianluca Grignani,Pop/Rock
2837,Teenage Bottlerocket,Pop/Rock
2838,Ocean,R&B;
2839,Danny Elfman,Stage & Screen
2840,Brooks & Dunn,Country
2841,Daughtry,Pop/Rock
2842,Girls Aloud,Pop/Rock
2843,The Raconteurs,Pop/Rock
2844,Dangerous Toys,Pop/Rock
2845,Jason Isbell,Pop/Rock
2846,Buckcherry,Pop/Rock
2847,Flyleaf,Pop/Rock
2848,Stuff,R&B;
2849,Cold War Kids,Pop/Rock
2850,Gillian Welch,Folk
2851,Guy Clark,Country
2852,Daniel Powter,Pop/Rock
2853,Witch,Pop/Rock
2854,Matt and Kim,Pop/Rock
2855,Saving Abel,Pop/Rock
2856,Dalis Car,Pop/Rock
2857,The Gaslight Anthem,Pop/Rock
2858,Gilbert O'Sullivan,Pop/Rock
2859,The Prodigy,Electronic
2860,Seefeel,Electronic
2861,Alain Bashung,Pop/Rock
2862,Stevie Wonder,R&B;
2863,Brenda Russell,R&B;
2864,The Fratellis,Pop/Rock
2865,Justin Townes Earle,Country
2866,Kat DeLuna,Pop/Rock
2867,George Clinton,R&B;
2868,Colbie Caillat,Pop/Rock
2869,Hayes Carll,Pop/Rock
2870,Rogue Wave,Pop/Rock
2871,The Waitresses,Pop/Rock
2872,The Vines,Pop/Rock
2873,The Subways,Pop/Rock
2874,The Statler Brothers,Country
2875,Alcatrazz,Pop/Rock
2876,Sun Kil Moon,Pop/Rock
2877,Tom T. Hall,Country
2878,The Sounds,Pop/Rock
2879,Willie Nelson,Country
2880,William Orbit,Electronic
2881,Hepcat,Reggae
2882,The Brecker Brothers,Jazz
2883,Marcy Playground,Pop/Rock
2884,Animotion,Pop/Rock
2885,Max√É¬Ømo Park,Pop/Rock
2886,Damn Yankees,Pop/Rock
2887,Glass Candy,Pop/Rock
2888,HammerFall,Pop/Rock
2889,Magnus Karlsson,Pop/Rock
2890,MGMT,Pop/Rock
2891,Hellyeah,Pop/Rock
2892,Basshunter,Pop/Rock
2893,Capleton,Reggae
2894,Bring Me the Horizon,Pop/Rock
2895,Melody Gardot,Jazz
2896,Gustavo Cerati,Latin
2897,George Duke,Jazz
2898,Hot Chip,Pop/Rock
2899,Veil of Maya,Pop/Rock
2900,The Wreckers,Country
2901,Hardline,Pop/Rock
2902,Taio Cruz,Pop/Rock
2903,Subhumans,Pop/Rock
2904,As I Lay Dying,Pop/Rock
2905,TobyMac,Religious
2906,Toby Keith,Country
2907,Brian McKnight,R&B;
2908,The Bird and the Bee,Pop/Rock
2909,Miley Cyrus,Pop/Rock
2910,Gil Evans,Jazz
2911,Flight of the Conchords,Comedy/Spoken
2912,Aterciopelados,Latin
2913,The Vogues,Pop/Rock
2914,Lynn Anderson,Country
2915,Drop Nineteens,Pop/Rock
2916,Doves,Pop/Rock
2917,Grim Reaper,Pop/Rock
2918,Vertical Horizon,Pop/Rock
2919,Joe Sample,Jazz
2920,Underworld,Electronic
2921,J√É¬≥hann J√É¬≥hannsson,Electronic
2922,Charlie Daniels,Country
2923,Lou Gramm,Pop/Rock
2924,Steeleye Span,Folk
2925,The Antlers,Pop/Rock
2926,Enrique Iglesias,Latin
2927,Gravity Kills,Pop/Rock
2928,Frida,Pop/Rock
2929,Enuff Z'nuff,Pop/Rock
2930,Corinne Bailey Rae,R&B;
2931,Steelheart,Pop/Rock
2932,Stanley Clarke,Jazz
2933,Alien Ant Farm,Pop/Rock
2934,Spacehog,Pop/Rock
2935,Townes Van Zandt,Folk
2936,Alison Krauss,Country
2937,Travis Barker,Pop/Rock
2938,Tracey Ullman,Pop/Rock
2939,Greg Brown,Folk
2940,Eric Ben√É¬©t,R&B;
2941,Casting Crowns,Religious
2942,Dream,Pop/Rock
2943,Catch 22,Pop/Rock
2944,The Future Sound of London,Electronic
2945,The Dream Academy,Pop/Rock
2946,Dillard & Clark,Country
2947,Hinder,Pop/Rock
2948,LFO,Pop/Rock
2949,El Chicano,Pop/Rock
2950,Smokey Robinson,R&B;
2951,Jon Bon Jovi,Pop/Rock
2952,Vince Neil,Pop/Rock
2953,Flesh for Lulu,Pop/Rock
2954,Graham Central Station,R&B;
2955,Los Tigres del Norte,Latin
2956,Charlie Hunter,Jazz
2957,Garth Brooks,Country
2958,Finger Eleven,Pop/Rock
2959,Xavier Rudd,Pop/Rock
2960,Winger,Pop/Rock
2961,Darkthrone,Pop/Rock
2962,Paris Hilton,Pop/Rock
2963,Gojira,Pop/Rock
2964,Boys Like Girls,Pop/Rock
2965,Born of Osiris,Pop/Rock
2966,We the Kings,Pop/Rock
2967,Newton Faulkner,Pop/Rock
2968,Yellowcard,Pop/Rock
2969,Marc Broussard,Pop/Rock
2970,Dar Williams,Folk
2971,Wilson Pickett,R&B;
2972,Yello,Electronic
2973,John Scofield,Jazz
2974,Portugal. The Man,Pop/Rock
2975,The Black Angels,Pop/Rock
2976,Yanni,New Age
2977,Zakk Wylde,Pop/Rock
2978,Zero 7,Electronic
2979,Ziggy Marley,Reggae
2980,Joel Rafael,Folk
2981,Brandon Heath,Religious
2982,Youssou N'Dour,International
2983,As Blood Runs Black,Pop/Rock
2984,Motionless in White,Pop/Rock
2985,Flying Lotus,Electronic
2986,Ane Brun,Pop/Rock
2987,Volbeat,Pop/Rock
2988,Crystal Castles,Electronic
2989,Trivium,Pop/Rock
2990,Thal√É¬≠a,Latin
2991,Skillet,Religious
2992,Anberlin,Pop/Rock
2993,Patti Page,Vocal
2994,From First to Last,Pop/Rock
2995,Four Tet,Electronic
2996,Alexander Robotnick,R&B;
2997,Trisha Yearwood,Country
2998,Stephen Schwartz,Stage & Screen
2999,Terri Clark,Country
3000,Yellow Magic Orchestra,Electronic
3001,Jordin Sparks,R&B;
3002,Highway 101,Country
3003,Wynonna,Country
3004,Paul Gilbert,Pop/Rock
3005,Paul Oakenfold,Electronic
3006,Paul Kelly,Pop/Rock
3007,CocoRosie,Pop/Rock
3008,Fenix TX,Pop/Rock
3009,EMF,Pop/Rock
3010,Robert Francis,Pop/Rock
3011,Eddie Rabbitt,Country
3012,Fantasia,R&B;
3013,FM,Pop/Rock
3014,Carlos Vives,Latin
3015,Faithless,Electronic
3016,Shakira,Latin
3017,Keren Ann,Pop/Rock
3018,Diplo,Electronic
3019,Laurie Anderson,Avant-Garde
3020,Stabbing Westward,Pop/Rock
3021,Nicole Scherzinger,Pop/Rock
3022,Kris Kristofferson,Country
3023,Booker T. Jones,R&B;
3024,Chris de Burgh,Pop/Rock
3025,Roy Rogers,Blues
3026,Infectious Grooves,Pop/Rock
3027,The Wailin' Jennys,Pop/Rock
3028,The Futureheads,Pop/Rock
3029,Chris Lord-Alge,Pop/Rock
3030,The Roches,Folk
3031,Clint Black,Country
3032,The Donnas,Pop/Rock
3033,Dwight Yoakam,Country
3034,Cut Copy,Pop/Rock
3035,The Darkness,Pop/Rock
3036,Curtis Stigers,Jazz
3037,The Decemberists,Pop/Rock
3038,Eddie Hazel,R&B;
3039,Edgar Froese,Electronic
3040,Bang Tango,Pop/Rock
3041,Evanescence,Pop/Rock
3042,Joanna Newsom,Pop/Rock
3043,The Crests,R&B;
3044,Explosions in the Sky,Pop/Rock
3045,Beenie Man,Reggae
3046,Earl Thomas Conley,Country
3047,The Dillards,Country
3048,Barcelona,Pop/Rock
3049,Vonda Shepard,Pop/Rock
3050,John Cafferty & the Beaver Brown Band,Pop/Rock
3051,M√É¬∫m,Electronic
3052,Jan Hammer,Jazz
3053,John Petrucci,Pop/Rock
3054,Jane Monheit,Vocal
3055,Jenny Lewis,Pop/Rock
3056,Death in Vegas,Electronic
3057,Deep Blue Something,Pop/Rock
3058,The Millennium,Pop/Rock
3059,Davy Graham,Folk
3060,Debby Boone,Religious
3061,John Legend,R&B;
3062,Delbert McClinton,Blues
3063,Lori McKenna,Folk
3064,Maria McKee,Pop/Rock
3065,Robert Cray,Blues
3066,Loreena McKennitt,Folk
3067,Loudness,Pop/Rock
3068,Devin Townsend,Pop/Rock
3069,Johnny Winter,Blues
3070,Liz Story,New Age
3071,Liam Lynch,Pop/Rock
3072,Wade Bowen,Country
3073,John Michael Montgomery,Country
3074,Lightning Bolt,Pop/Rock
3075,Clannad,International
3076,Ladytron,Electronic
3077,Aqualung,Pop/Rock
3078,Black Rebel Motorcycle Club,Pop/Rock
3079,Conway Twitty,Country
3080,Chico Hamilton,Jazz
3081,Color Me Badd,R&B;
3082,Kula Shaker,Pop/Rock
3083,Hellogoodbye,Pop/Rock
3084,Leftover Salmon,Pop/Rock
3085,Battles,Pop/Rock
3086,Lara Fabian,Pop/Rock
3087,Crumb,Pop/Rock
3088,Gym Class Heroes,Pop/Rock
3089,Leela James,R&B;
3090,Kurt Elling,Vocal
3091,La Bouche,Electronic
3092,J.K. & Co.,Pop/Rock
3093,Compound Red,Pop/Rock
3094,Lacuna Coil,Pop/Rock
3095,Moose Blood,Pop/Rock
3096,Kat Dahlia,Pop/Rock
3097,The Cadillac Three,Country
3098,Real Friends,Pop/Rock
3099,A Great Big World,Pop/Rock
3100,Chastity Belt,Pop/Rock
3101,Hozier,Pop/Rock
3102,Mary Lambert,Pop/Rock
3103,Fifth Harmony,Pop/Rock
3104,Mac DeMarco,Pop/Rock
3105,The Piano Guys,Easy Listening
3106,Father John Misty,Pop/Rock
3107,Foxes,Pop/Rock
3108,Timeflies,Electronic
3109,FKA twigs,Pop/Rock
3110,Vision,Pop/Rock
3111,Together PANGEA,Pop/Rock
3112,Pham,Electronic
3113,Tedeschi Trucks Band,Pop/Rock
3114,Jana Kramer,Country
3115,Lorde,Pop/Rock
3116,Upchurch,Country
3117,A*M*E,Pop/Rock
3118,Niagara,Pop/Rock
3119,Echosmith,Pop/Rock
3120,Lukas Graham,Pop/Rock
3121,Caedmon's Call,Religious
3122,Guster,Pop/Rock
3123,George Winston,New Age
3124,Calvin Harris,Electronic
3125,John Newman,R&B;
3126,Becky G,Pop/Rock
3127,Crown the Empire,Pop/Rock
3128,Jetta,Pop/Rock
3129,Destructo,Electronic
3130,Baauer,Electronic
3131,WZRD,Pop/Rock
3132,R5,Pop/Rock
3133,Don Covay,R&B;
3134,Friendly Fires,Pop/Rock
3135,Northlane,Pop/Rock
3136,Dan Croll,Pop/Rock
3137,Cherub,Pop/Rock
3138,A*Teens,Electronic
3139,The 1975,Pop/Rock
3140,Atlas Genius,Pop/Rock
3141,Scotty McCreery,Country
3142,Zendaya,Pop/Rock
3143,Periphery,Pop/Rock
3144,Dua Lipa,Pop/Rock
3145,James TW,Pop/Rock
3146,Chris Lane,Country
3147,Jillian Jacqueline,Country
3148,Cloves,Pop/Rock
3149,gnash,Pop/Rock
3150,Car Seat Headrest,Pop/Rock
3151,That Poppy,Pop/Rock
3152,Izzy Bizu,R&B;
3153,Astrid S,Pop/Rock
3154,Big Thief,Pop/Rock
3155,With Confidence,Pop/Rock
3156,Alabama Shakes,Pop/Rock
3157,Meghan Trainor,Pop/Rock
3158,Kimbra,Pop/Rock
3159,Chicano Batman,Pop/Rock
3160,Red Sun Rising,Pop/Rock
3161,EDEN,Electronic
3162,Jeremy Zucker,Pop/Rock
3163,Yungblud,Pop/Rock
3164,Jaira Burns,Pop/Rock
3165,Elohim,Pop/Rock
3166,Jon Langston,Country
3167,Petit Biscuit,Electronic
3168,Kishi Bashi,Pop/Rock
3169,Absofacto,Pop/Rock
3170,The Weeknd,R&B;
3171,Cher Lloyd,Pop/Rock
3172,The Districts,Pop/Rock
3173,A Winged Victory for the Sullen,Pop/Rock
3174,Jessie J,Pop/Rock
3175,Little Mix,Pop/Rock
3176,Natural Child,Pop/Rock
3177,Wild Party,Pop/Rock
3178,Matthew Koma,Pop/Rock
3179,Lana Del Rey,Pop/Rock
3180,Niall Horan,Pop/Rock
3181,Electric Guest,Pop/Rock
3182,Harry Styles,Pop/Rock
3183,Tim Hecker,Electronic
3184,Tom Cochrane,Pop/Rock
3185,Kaiser Chiefs,Pop/Rock
3186,Brant Bjork,Pop/Rock
3187,Alannah Myles,Pop/Rock
3188,Moxy Fr√É¬ºvous,Pop/Rock
3189,Armor for Sleep,Pop/Rock
3190,Tom Z√É¬©,International
3191,Allen Toussaint,R&B;
3192,Broadcast,Electronic
3193,Black Moth Super Rainbow,Pop/Rock
3194,Brenda Lee,Country
3195,Brad Mehldau,Jazz
3196,dc Talk,Religious
3197,Streetlight Manifesto,Pop/Rock
3198,Girls,Pop/Rock
3199,Gomez,Pop/Rock
3200,Giorgia,Pop/Rock
3201,Groove Armada,Electronic
3202,A Day to Remember,Pop/Rock
3203,Buck Owens,Country
3204,Giuffria,Pop/Rock
3205,Giant,Pop/Rock
3206,"Harry Connick, Jr.",Vocal
3207,DJ Shadow,Electronic
3208,Hank Williams III,Country
3209,Goldrush,Pop/Rock
3211,Christina Perri,Pop/Rock
3212,Sam Smith,Pop/Rock
3213,Nick Jonas,Pop/Rock
3214,Com Truise,Electronic
3215,Olly Murs,Pop/Rock
3216,Twin Shadow,Pop/Rock
3217,Foster the People,Pop/Rock
3218,Boyce Avenue,Pop/Rock
3219,Two Door Cinema Club,Pop/Rock
3220,Jamie Lawson,Pop/Rock
3221,Jessie Ware,Pop/Rock
3222,Young the Giant,Pop/Rock
3223,The Cab,Pop/Rock
3224,Big Time Rush,Pop/Rock
3225,Broken Bells,Pop/Rock
3226,Fever Ray,Electronic
3227,Tame Impala,Pop/Rock
3228,Them Crooked Vultures,Pop/Rock
3229,Deer Tick,Pop/Rock
3230,Rationale,Pop/Rock
3231,One OK Rock,Pop/Rock
3232,Kevin Morby,Pop/Rock
3233,Imagine Dragons,Pop/Rock
3234,Major Lazer,Electronic
3235,Lord Huron,Pop/Rock
3236,Baths,Electronic
3237,James Blake,Electronic
3238,Perfume Genius,Pop/Rock
3239,Small Black,Pop/Rock
3240,Black Veil Brides,Pop/Rock
3241,Twenty One Pilots,Pop/Rock
3242,Neon Trees,Pop/Rock
3243,Allstar Weekend,Pop/Rock
3244,Ida Maria,Pop/Rock
3245,Cage the Elephant,Pop/Rock
3246,Elevation Worship,Religious
3247,The Head and the Heart,Pop/Rock
3248,Nick Jonas & the Administration,Pop/Rock
3249,Of Mice & Men,Pop/Rock
3250,Mindless Behavior,R&B;
3251,Canaan Smith,Country
3252,Miguel,R&B;
3253,Jonathan McReynolds,Religious
3254,Seasons After,Pop/Rock
3255,Ariana Grande,Pop/Rock
3256,Lincoln,Pop/Rock
3257,Stateless,Pop/Rock
3258,Sky Ferreira,Pop/Rock
3259,Kurt Vile,Pop/Rock
3260,Pulse Ultra,Pop/Rock
3261,Quarterflash,Pop/Rock
3262,Mary Chapin Carpenter,Country
3263,Keel,Pop/Rock
3264,Marty Robbins,Country
3265,Phantogram,Pop/Rock
3266,Hot Chelle Rae,Pop/Rock
3267,The Civil Wars,Pop/Rock
3268,Washed Out,Pop/Rock
3269,Toro y Moi,Pop/Rock
3270,The Summer Set,Pop/Rock
3271,Laura Marling,Pop/Rock
3272,"Defiance, Ohio",Pop/Rock
3273,The Temper Trap,Pop/Rock
3274,Fun.,Pop/Rock
3275,The Bloody Beetroots,Electronic
3276,Carly Rae Jepsen,Pop/Rock
3277,Rita Ora,Pop/Rock
3278,Rend Collective,Religious
3279,CHAPPO,Pop/Rock
3280,Sarah Ross,Country
3281,Cheat Codes,Electronic
3282,Rainbow Kitten Surprise,Pop/Rock
3283,Jack Garratt,Pop/Rock
3284,B√ÉÀúRNS,Pop/Rock
3285,Mickey Guyton,Country
3286,Francesco Yates,Pop/Rock
3287,Jessie James Decker,Country
3288,Anthony Lewis,R&B;
3289,Little May,Pop/Rock
3290,Shawn Mendes,Pop/Rock
3291,Jordan Fisher,Pop/Rock
3292,Fleurie,Pop/Rock
3293,Kaleo,Pop/Rock
3294,The Oh Hellos,Pop/Rock
3295,The Marcus King Band,Pop/Rock
3296,Charlie Puth,Pop/Rock
3297,Luke Kaufman,Country
3298,Tinashe,R&B;
3299,Chase Bryant,Country
3300,Kygo,Electronic
3301,Santigold,Pop/Rock
3302,Daya,Pop/Rock
3303,Brett Young,Country
3304,Miike Snow,Pop/Rock
3305,She & Him,Pop/Rock
3306,Cate Le Bon,Pop/Rock
3307,Jackie Lee,Country
3308,PVRIS,Pop/Rock
3309,Big Data,Pop/Rock
3310,Neck Deep,Pop/Rock
3311,CNCO,Latin
3312,LANCO,Country
3313,The Interrupters,Pop/Rock
3314,Starset,Pop/Rock
3315,Phoebe Ryan,Pop/Rock
3316,Meg Myers,Pop/Rock
3317,Billie Eilish,Pop/Rock
3318,Rosemary & Garlic,Pop/Rock
3319,Sports,Pop/Rock
3320,Levitation Room,Pop/Rock
3321,Declan McKenna,Pop/Rock
3322,Crywank,Pop/Rock
3323,MisterWives,Pop/Rock
3324,Vance Joy,Pop/Rock
3325,Twin Forks,Pop/Rock
3326,George Ezra,Pop/Rock
3327,SoMo,Pop/Rock
3328,5 Seconds of Summer,Pop/Rock
3329,Asking Alexandria,Pop/Rock
3330,Magic!,Pop/Rock
3331,State Champs,Pop/Rock
3332,Moti,Electronic
3333,Musical Youth,Reggae
3334,Sheppard,Pop/Rock
3335,Passion Pit,Pop/Rock
3336,STRFKR,Pop/Rock
3337,Hey Monday,Pop/Rock
3338,El Guincho,Pop/Rock
3339,Wavves,Pop/Rock
3340,Never Shout Never,Pop/Rock
3341,Matt Simons,Pop/Rock
3342,Colt Ford,Country
3343,Jigsaw,Pop/Rock
3344,Cash Cash,Electronic
3345,The Lonely Island,Comedy/Spoken
3346,Lukas Nelson,Pop/Rock
3347,The Alan Parsons Project,Pop/Rock
3348,Kristinia DeBarge,R&B;
3349,Shinyribs,Pop/Rock
3350,La Roux,Pop/Rock
3351,Mike Posner,Pop/Rock
3352,Future Islands,Pop/Rock
3353,Andy Grammer,Pop/Rock
3354,X Japan,Pop/Rock
3355,The Pretty Reckless,Pop/Rock
3356,Jerrod Niemann,Country
3357,Will Ackerman,New Age
3358,Parkway Drive,Pop/Rock
3359,Passenger,Pop/Rock
3360,Ellie Goulding,Pop/Rock
3361,Oneohtrix Point Never,Electronic
3362,M/A/R/R/S,Electronic
3363,Kat Graham,Pop/Rock
3364,Laura Bell Bundy,Pop/Rock
3365,Best Coast,Pop/Rock
3366,Brian Kennedy,Pop/Rock
3367,Breaking Benjamin,Pop/Rock
3368,Sia,Pop/Rock
3369,Bobby Vinton,Vocal
3370,The Connection,Pop/Rock
3371,Paul Williams,Pop/Rock
3372,Soda Stereo,Latin
3373,Bob Luman,Country
3374,The Gourds,Pop/Rock
3375,Bobby Timmons,Jazz
3376,Smile Empty Soul,Pop/Rock
3377,Paul van Dyk,Electronic
3378,Peaches,Electronic
3379,Something Corporate,Pop/Rock
3380,Sigue Sigue Sputnik,Pop/Rock
3381,Shuggie Otis,R&B;
3382,Andrea Bocelli,Classical
3383,Shivaree,Pop/Rock
3384,Supersuckers,Pop/Rock
3385,Suzy Bogguss,Country
3386,Steve Cropper,R&B;
3387,The Horrors,Pop/Rock
3388,The Cheetah Girls,Pop/Rock
3389,Big & Rich,Country
3390,Folk Implosion,Pop/Rock
3391,Boards of Canada,Electronic
3392,Beverley Knight,R&B;
3393,Blue October,Pop/Rock
3394,Beyonc√É¬©,R&B;
3395,Blue Mountain,Pop/Rock
3396,The Fall of Troy,Pop/Rock
3397,Audio Adrenaline,Religious
3398,Great Lake Swimmers,Pop/Rock
3399,The Firm,Pop/Rock
3400,Baha Men,Pop/Rock
3401,The Isley Brothers,R&B;
3402,Bobby McFerrin,Vocal
3403,Bonham,Pop/Rock
3404,Billy Talent,Pop/Rock
3405,Icehouse,Pop/Rock
3406,Kid Koala,Electronic
3407,Idina Menzel,Vocal
3408,Kid Loco,Electronic
3409,Autechre,Electronic
3410,Beres Hammond,Reggae
3411,The Heartbeats,R&B;
3412,All Shall Perish,Pop/Rock
3413,Billy Cobham,Jazz
3414,Blaze Foley,Country
3415,Big D and the Kids Table,Pop/Rock
3416,Little Dragon,Electronic
3417,Duffy,Pop/Rock
3418,Forever the Sickest Kids,Pop/Rock
3419,Lykke Li,Pop/Rock
3420,The War on Drugs,Pop/Rock
3421,Selena Gomez,Pop/Rock
3422,The Ting Tings,Pop/Rock
3423,White Lies,Pop/Rock
3424,Delta Spirit,Pop/Rock
3425,Black Kids,Pop/Rock
3426,Beach House,Pop/Rock
3427,Karina,R&B;
3428,Rev Theory,Pop/Rock
3429,Noah and the Whale,Pop/Rock
3430,Marah,Pop/Rock
3431,Dan Bern,Pop/Rock
3432,Darius Rucker,Country
3433,Harvey Danger,Pop/Rock
3434,Henry Gross,Pop/Rock
3435,Beirut,Pop/Rock
3436,The White Tie Affair,Pop/Rock
3437,Alabama,Country
3438,Freur,Pop/Rock
3439,From Autumn to Ashes,Pop/Rock
3440,Frou Frou,Pop/Rock
3441,3OH!3,Pop/Rock
3442,Enya,New Age
3443,Justin Nozuka,Pop/Rock
3444,The Red Jumpsuit Apparatus,Pop/Rock
3445,Glass Tiger,Pop/Rock
3446,Bloodhound Gang,Pop/Rock
3447,Silversun Pickups,Pop/Rock
3448,Steve Harley & Cockney Rebel,Pop/Rock
3449,Sylvester,R&B;
3450,Steve Young,Country
3451,Vanessa Hudgens,Pop/Rock
3452,Zack de la Rocha,Pop/Rock
3453,Dave Koz,Jazz
3454,Dirty Pretty Things,Pop/Rock
3455,The Veronicas,Pop/Rock
3456,Danger Danger,Pop/Rock
3457,Daniel Bedingfield,Pop/Rock
3458,Man Man,Pop/Rock
3459,Dan the Automator,Pop/Rock
3460,Alter Bridge,Pop/Rock
3461,Dave Barnes,Pop/Rock
