influencer_id,influencer_main_genre
759491,Pop/Rock
66915,Pop/Rock
71209,Pop/Rock
91438,Pop/Rock
113823,Pop/Rock
132710,Pop/Rock
208582,Pop/Rock
397880,Pop/Rock
489999,Pop/Rock
492331,Pop/Rock
615119,Pop/Rock
651107,Pop/Rock
747445,Pop/Rock
755156,Pop/Rock
838272,Pop/Rock
895136,Pop/Rock
899530,Pop/Rock
960690,Pop/Rock
988638,Pop/Rock
75264,Pop/Rock
91650,Pop/Rock
112789,Pop/Rock
134729,Pop/Rock
295756,Pop/Rock
359326,Pop/Rock
446509,Pop/Rock
485135,Pop/Rock
579839,Pop/Rock
741746,Pop/Rock
789064,Pop/Rock
790820,Pop/Rock
796045,Pop/Rock
806829,Pop/Rock
825087,Pop/Rock
863790,Pop/Rock
883318,Pop/Rock
748421,Pop/Rock
5953,Pop/Rock
59537,Pop/Rock
61938,Pop/Rock
81493,Pop/Rock
84209,Pop/Rock
130932,Pop/Rock
139026,Pop/Rock
182598,Pop/Rock
200968,Pop/Rock
349157,Pop/Rock
354105,Pop/Rock
379125,Pop/Rock
485791,Pop/Rock
490004,Pop/Rock
503913,Pop/Rock
562304,Pop/Rock
574772,Pop/Rock
604852,Pop/Rock
623985,Pop/Rock
754032,Pop/Rock
771438,Pop/Rock
772567,Pop/Rock
840402,Pop/Rock
8828,Pop/Rock
81403,Pop/Rock
546214,Pop/Rock
628467,Pop/Rock
50493,Pop/Rock
96977,Pop/Rock
97325,Pop/Rock
219966,Pop/Rock
561105,Pop/Rock
607053,Pop/Rock
38936,Pop/Rock
41874,Pop/Rock
642542,Pop/Rock
346336,Pop/Rock
840102,Pop/Rock
988440,Pop/Rock
133969,Pop/Rock
112462,Pop/Rock
187478,Pop/Rock
192382,Pop/Rock
240865,Pop/Rock
255371,Pop/Rock
489303,Pop/Rock
831381,Pop/Rock
894465,Pop/Rock
18977,Pop/Rock
19297,Pop/Rock
297894,Pop/Rock
517607,Pop/Rock
583618,Pop/Rock
626463,Pop/Rock
859509,Pop/Rock
649950,Pop/Rock
131627,Pop/Rock
137580,Pop/Rock
170369,Pop/Rock
207735,Pop/Rock
240311,Pop/Rock
289177,Pop/Rock
332141,Pop/Rock
519637,Pop/Rock
578028,Pop/Rock
584923,Pop/Rock
690254,Pop/Rock
744265,Pop/Rock
767068,Pop/Rock
921965,Pop/Rock
923384,Pop/Rock
123007,Pop/Rock
490141,Pop/Rock
31380,Pop/Rock
122754,Pop/Rock
237205,Pop/Rock
664817,Pop/Rock
100160,Pop/Rock
577627,Pop/Rock
887806,Pop/Rock
22124,Pop/Rock
98465,Pop/Rock
105422,Pop/Rock
163386,Pop/Rock
246611,Pop/Rock
260206,Pop/Rock
287259,Pop/Rock
315403,Pop/Rock
371258,Pop/Rock
386253,Pop/Rock
406294,Pop/Rock
424244,Pop/Rock
490952,Pop/Rock
501407,Pop/Rock
561715,Pop/Rock
588450,Pop/Rock
673208,Pop/Rock
749970,Pop/Rock
751910,Pop/Rock
925852,Pop/Rock
957085,Pop/Rock
1098,Pop/Rock
223627,Pop/Rock
280956,Pop/Rock
351733,Pop/Rock
357406,Pop/Rock
388198,Pop/Rock
506513,Pop/Rock
572737,Pop/Rock
825251,Pop/Rock
120521,Pop/Rock
180228,Pop/Rock
799053,Pop/Rock
824022,Pop/Rock
22928,Pop/Rock
46120,Pop/Rock
76057,Pop/Rock
114342,Pop/Rock
137474,Pop/Rock
138699,Pop/Rock
311674,Pop/Rock
489676,Pop/Rock
37730,Pop/Rock
39258,Pop/Rock
47789,Pop/Rock
51992,Pop/Rock
78741,Pop/Rock
130173,Pop/Rock
184043,Pop/Rock
287917,Pop/Rock
350840,Pop/Rock
387530,Pop/Rock
490554,Pop/Rock
612716,Pop/Rock
853492,Pop/Rock
898479,Pop/Rock
936425,Pop/Rock
987491,Pop/Rock
11707,Pop/Rock
43714,Pop/Rock
46925,Pop/Rock
96964,Pop/Rock
110161,Pop/Rock
130689,Pop/Rock
136871,Pop/Rock
277351,Pop/Rock
481461,Pop/Rock
674662,Pop/Rock
685647,Pop/Rock
796734,Pop/Rock
36537,Pop/Rock
89021,Pop/Rock
209142,Pop/Rock
307135,Pop/Rock
496405,Pop/Rock
805785,Pop/Rock
842351,Pop/Rock
152312,Pop/Rock
55128,Pop/Rock
58616,Pop/Rock
773642,Pop/Rock
50251,Pop/Rock
88180,Pop/Rock
798606,Pop/Rock
139908,Pop/Rock
418740,Pop/Rock
671953,Pop/Rock
891063,Pop/Rock
817011,Pop/Rock
59293,Pop/Rock
575051,Pop/Rock
65590,Pop/Rock
189678,Pop/Rock
325459,Pop/Rock
422405,Pop/Rock
545726,Pop/Rock
621944,Pop/Rock
752314,Pop/Rock
780625,Pop/Rock
922911,Pop/Rock
39013,Pop/Rock
305363,Pop/Rock
563834,Pop/Rock
690456,Pop/Rock
781766,Pop/Rock
808944,Pop/Rock
855836,Pop/Rock
178906,Pop/Rock
219203,Pop/Rock
803026,Pop/Rock
11754,Pop/Rock
22257,Pop/Rock
159433,Pop/Rock
228099,Pop/Rock
235923,Pop/Rock
246960,Pop/Rock
290590,Pop/Rock
354722,Pop/Rock
390477,Pop/Rock
484145,Pop/Rock
495338,Pop/Rock
545074,Pop/Rock
776093,Pop/Rock
253142,Pop/Rock
590441,Pop/Rock
270491,Pop/Rock
834108,Pop/Rock
167320,Pop/Rock
178122,Pop/Rock
420133,Pop/Rock
820115,Pop/Rock
393345,Pop/Rock
564333,Pop/Rock
7731,Pop/Rock
7920,Pop/Rock
543595,Pop/Rock
750742,Pop/Rock
782768,Pop/Rock
813946,Pop/Rock
12472,Pop/Rock
20050,Pop/Rock
36106,Pop/Rock
38490,Pop/Rock
77175,Pop/Rock
178536,Pop/Rock
265440,Pop/Rock
307461,Pop/Rock
313284,Pop/Rock
317417,Pop/Rock
745964,Pop/Rock
127337,Pop/Rock
183858,Pop/Rock
217622,Pop/Rock
531986,Pop/Rock
617196,Pop/Rock
645474,Pop/Rock
809266,Pop/Rock
852855,Pop/Rock
62823,Pop/Rock
202545,Pop/Rock
385611,Pop/Rock
335,Pop/Rock
158309,Pop/Rock
225930,Pop/Rock
680476,Pop/Rock
792530,Pop/Rock
740833,Pop/Rock
205180,Pop/Rock
625739,Pop/Rock
809058,Pop/Rock
325401,Pop/Rock
473554,Pop/Rock
686897,Pop/Rock
936190,Pop/Rock
175196,Pop/Rock
493122,Pop/Rock
543055,Pop/Rock
631774,Pop/Rock
751019,Pop/Rock
925181,Pop/Rock
152023,Pop/Rock
165663,Pop/Rock
193320,Pop/Rock
299471,Pop/Rock
745241,Pop/Rock
897214,Pop/Rock
34899,Pop/Rock
51376,Pop/Rock
167287,Pop/Rock
219483,Pop/Rock
290812,Pop/Rock
364399,Pop/Rock
842802,Pop/Rock
990384,Pop/Rock
300245,Pop/Rock
70715,Pop/Rock
144847,Pop/Rock
765722,Pop/Rock
814606,Pop/Rock
31685,Pop/Rock
96613,Pop/Rock
117490,Pop/Rock
147635,Pop/Rock
159214,Pop/Rock
166785,Pop/Rock
174557,Pop/Rock
182900,Pop/Rock
184091,Pop/Rock
204386,Pop/Rock
248798,Pop/Rock
359016,Pop/Rock
359966,Pop/Rock
688400,Pop/Rock
812046,Pop/Rock
816387,Pop/Rock
962339,Pop/Rock
15694,Pop/Rock
29791,Pop/Rock
29884,Pop/Rock
31556,Pop/Rock
36521,Pop/Rock
79044,Pop/Rock
112185,Pop/Rock
145128,Pop/Rock
212131,Pop/Rock
240665,Pop/Rock
326249,Pop/Rock
575522,Pop/Rock
793425,Pop/Rock
815537,Pop/Rock
954964,Pop/Rock
10412,Pop/Rock
21744,Pop/Rock
103484,Pop/Rock
600069,Pop/Rock
848034,Pop/Rock
31274,Pop/Rock
199995,Pop/Rock
253861,Pop/Rock
404434,Pop/Rock
798992,Pop/Rock
61480,Pop/Rock
131581,Pop/Rock
162233,Pop/Rock
5882,Pop/Rock
44764,Pop/Rock
75747,Pop/Rock
79960,Pop/Rock
203008,Pop/Rock
303626,Pop/Rock
825924,Pop/Rock
887619,Pop/Rock
128440,Pop/Rock
128495,Pop/Rock
758453,Pop/Rock
891264,Pop/Rock
923033,Pop/Rock
16281,Pop/Rock
58549,Pop/Rock
14073,Pop/Rock
16438,Pop/Rock
64303,Pop/Rock
73421,Pop/Rock
154530,Pop/Rock
180263,Pop/Rock
314600,Pop/Rock
343930,Pop/Rock
475932,Pop/Rock
478426,Pop/Rock
485191,Pop/Rock
501692,Pop/Rock
569914,Pop/Rock
684240,Pop/Rock
764181,Pop/Rock
790732,Pop/Rock
866786,Pop/Rock
939567,Pop/Rock
5441,Pop/Rock
9441,Pop/Rock
153590,Pop/Rock
179205,Pop/Rock
232564,Pop/Rock
696015,Pop/Rock
29067,Pop/Rock
423267,Pop/Rock
483587,Pop/Rock
582313,Pop/Rock
47033,Pop/Rock
129761,Pop/Rock
301619,Pop/Rock
334193,Pop/Rock
263937,Pop/Rock
540883,Pop/Rock
817754,Pop/Rock
845775,Pop/Rock
864209,Pop/Rock
13387,Pop/Rock
70027,Pop/Rock
104455,Pop/Rock
120953,Pop/Rock
501081,Pop/Rock
564726,Pop/Rock
784814,Pop/Rock
418955,Pop/Rock
491220,Pop/Rock
213212,Pop/Rock
671244,Pop/Rock
766533,Pop/Rock
78886,Pop/Rock
80720,Pop/Rock
137390,Pop/Rock
260212,Pop/Rock
482677,Pop/Rock
567570,Pop/Rock
789340,Pop/Rock
831215,Pop/Rock
895443,Pop/Rock
330575,Pop/Rock
745915,Pop/Rock
794449,Pop/Rock
87985,Pop/Rock
814852,Pop/Rock
19701,Pop/Rock
34988,Pop/Rock
44906,Pop/Rock
46527,Pop/Rock
188190,Pop/Rock
423305,Pop/Rock
633181,Pop/Rock
751604,Pop/Rock
224638,Pop/Rock
233066,Pop/Rock
307025,Pop/Rock
504928,Pop/Rock
763301,Pop/Rock
781370,Pop/Rock
154998,Pop/Rock
257544,Pop/Rock
749734,Pop/Rock
855423,Pop/Rock
120010,Pop/Rock
163420,Pop/Rock
206407,Pop/Rock
475334,Pop/Rock
479350,Pop/Rock
486047,Pop/Rock
604075,Pop/Rock
786613,Pop/Rock
181376,Pop/Rock
80780,Pop/Rock
174122,Pop/Rock
177060,Pop/Rock
345355,Pop/Rock
852997,Pop/Rock
69534,Pop/Rock
222436,Pop/Rock
251595,Pop/Rock
297702,Pop/Rock
520975,Pop/Rock
680522,Pop/Rock
530745,Pop/Rock
7230,Pop/Rock
252184,Pop/Rock
467853,Pop/Rock
194703,Pop/Rock
191063,Pop/Rock
308932,Pop/Rock
672011,Pop/Rock
46794,Pop/Rock
99246,Pop/Rock
162197,Pop/Rock
169795,Pop/Rock
377581,Pop/Rock
570061,Pop/Rock
615489,Pop/Rock
925528,Pop/Rock
156043,Pop/Rock
259800,Pop/Rock
754879,Pop/Rock
792925,Pop/Rock
631579,Pop/Rock
955544,Pop/Rock
961234,Pop/Rock
103324,Pop/Rock
151787,Pop/Rock
567190,Pop/Rock
573870,Pop/Rock
923618,Pop/Rock
228323,Pop/Rock
610706,Pop/Rock
502163,Pop/Rock
407986,Pop/Rock
161351,Pop/Rock
268871,Pop/Rock
333464,Pop/Rock
193231,Pop/Rock
413524,Pop/Rock
239921,Pop/Rock
332257,Pop/Rock
482334,Pop/Rock
748222,Pop/Rock
793845,Pop/Rock
354158,Pop/Rock
564239,Pop/Rock
678339,Pop/Rock
755494,Pop/Rock
771010,Pop/Rock
838241,Pop/Rock
840523,Pop/Rock
937003,Pop/Rock
69060,Pop/Rock
100473,Pop/Rock
109414,Pop/Rock
238297,Pop/Rock
498691,Pop/Rock
585189,Pop/Rock
762500,Pop/Rock
766361,Pop/Rock
797431,Pop/Rock
172167,Pop/Rock
174752,Pop/Rock
601430,Pop/Rock
105354,Pop/Rock
500992,Pop/Rock
835585,Pop/Rock
859868,Pop/Rock
948171,Pop/Rock
198532,Pop/Rock
538677,Pop/Rock
814751,Pop/Rock
57209,Pop/Rock
118327,Pop/Rock
140499,Pop/Rock
174822,Pop/Rock
186594,Pop/Rock
241724,Pop/Rock
521704,Pop/Rock
635413,Pop/Rock
645612,Pop/Rock
753963,Pop/Rock
773392,Pop/Rock
799466,Pop/Rock
936658,Pop/Rock
72041,Pop/Rock
123915,Pop/Rock
208303,Pop/Rock
754251,Pop/Rock
756180,Pop/Rock
769444,Pop/Rock
242211,Pop/Rock
323194,Pop/Rock
127360,Pop/Rock
358820,Pop/Rock
481057,Pop/Rock
203639,Pop/Rock
29978,Pop/Rock
70800,Pop/Rock
154544,Pop/Rock
195874,Pop/Rock
197921,Pop/Rock
768321,Pop/Rock
784732,Pop/Rock
29909,Pop/Rock
45313,Pop/Rock
292915,Pop/Rock
293896,Pop/Rock
505532,Pop/Rock
595101,Pop/Rock
794173,Pop/Rock
845625,Pop/Rock
892823,Pop/Rock
956707,Pop/Rock
84814,Pop/Rock
391933,Pop/Rock
588508,Pop/Rock
596126,Pop/Rock
809999,Pop/Rock
792953,Pop/Rock
793988,Pop/Rock
803720,Pop/Rock
193216,Pop/Rock
482600,Pop/Rock
297955,Pop/Rock
319021,Pop/Rock
486645,Pop/Rock
501802,Pop/Rock
583478,Pop/Rock
129308,Pop/Rock
415239,Pop/Rock
745318,Pop/Rock
790814,Pop/Rock
51066,Pop/Rock
304401,Pop/Rock
590479,Pop/Rock
925837,Pop/Rock
317865,Pop/Rock
585249,Pop/Rock
922728,Pop/Rock
84053,Pop/Rock
119651,Pop/Rock
478603,Pop/Rock
758444,Pop/Rock
336783,Pop/Rock
384920,Pop/Rock
674263,Pop/Rock
26520,Pop/Rock
408696,Pop/Rock
920101,Pop/Rock
46699,Pop/Rock
265456,Pop/Rock
424296,Pop/Rock
222927,Pop/Rock
289685,Pop/Rock
659517,Pop/Rock
674873,Pop/Rock
175708,Pop/Rock
759031,Pop/Rock
163229,Pop/Rock
597094,Pop/Rock
627337,Pop/Rock
660401,Pop/Rock
125465,Pop/Rock
33316,Pop/Rock
68738,Pop/Rock
259561,Pop/Rock
639053,Pop/Rock
920073,Pop/Rock
377908,Pop/Rock
489876,Pop/Rock
823165,Pop/Rock
10538,Pop/Rock
149515,Pop/Rock
574597,Pop/Rock
761706,Pop/Rock
92303,Pop/Rock
131650,Pop/Rock
493327,Pop/Rock
816900,Pop/Rock
922200,Pop/Rock
487186,Pop/Rock
672910,Pop/Rock
926604,Pop/Rock
948557,Pop/Rock
422947,Pop/Rock
515251,Pop/Rock
931105,Pop/Rock
950956,Pop/Rock
42993,Pop/Rock
80537,Pop/Rock
3495279,Pop/Rock
135054,Pop/Rock
266255,Pop/Rock
766385,Pop/Rock
167517,Pop/Rock
573241,Pop/Rock
19892,Pop/Rock
61172,Pop/Rock
758520,Pop/Rock
858827,Pop/Rock
889097,Pop/Rock
935990,Pop/Rock
75100,Pop/Rock
140689,Pop/Rock
222351,Pop/Rock
474482,Pop/Rock
913210,Pop/Rock
747757,Pop/Rock
61534,Pop/Rock
142652,Pop/Rock
13508,Pop/Rock
108679,Pop/Rock
636433,Pop/Rock
775877,Pop/Rock
923705,Pop/Rock
73644,Pop/Rock
171637,Pop/Rock
332852,Pop/Rock
9084,Pop/Rock
783250,Pop/Rock
926548,Pop/Rock
200074,Pop/Rock
213165,Pop/Rock
36468,Pop/Rock
38302,Pop/Rock
138520,Pop/Rock
223197,Pop/Rock
255704,Pop/Rock
312354,Pop/Rock
367459,Pop/Rock
471355,Pop/Rock
472925,Pop/Rock
761108,Pop/Rock
855952,Pop/Rock
58372,Pop/Rock
308645,Pop/Rock
453041,Pop/Rock
741177,Pop/Rock
291043,Pop/Rock
130764,Pop/Rock
139089,Pop/Rock
213921,Pop/Rock
243008,Pop/Rock
258430,Pop/Rock
317545,Pop/Rock
527267,Pop/Rock
780581,Pop/Rock
805345,Pop/Rock
848913,Pop/Rock
920994,Pop/Rock
94764,Pop/Rock
451296,Pop/Rock
928351,Pop/Rock
312353,Pop/Rock
509223,Pop/Rock
799771,Pop/Rock
170381,Pop/Rock
465562,Pop/Rock
987621,Pop/Rock
772745,Pop/Rock
124492,Pop/Rock
850692,Pop/Rock
758943,Pop/Rock
785611,Pop/Rock
852007,Pop/Rock
758208,Pop/Rock
3170,Pop/Rock
33560,Pop/Rock
469286,Pop/Rock
774791,Pop/Rock
868306,Pop/Rock
756740,Pop/Rock
354733,Pop/Rock
146544,Pop/Rock
238440,Pop/Rock
148355,Pop/Rock
776011,Pop/Rock
837486,Pop/Rock
241813,Pop/Rock
83554,Pop/Rock
683686,Pop/Rock
41899,Pop/Rock
394806,Pop/Rock
628981,Pop/Rock
38977,Pop/Rock
300024,Pop/Rock
224186,Pop/Rock
585574,Pop/Rock
766078,Pop/Rock
852688,Pop/Rock
52382,Pop/Rock
85776,Pop/Rock
154548,Pop/Rock
224294,Pop/Rock
339490,Pop/Rock
805661,Pop/Rock
817369,Pop/Rock
835894,Pop/Rock
838524,Pop/Rock
943936,Pop/Rock
359062,Pop/Rock
35587,Pop/Rock
192338,Pop/Rock
779670,Pop/Rock
885375,Pop/Rock
215058,Pop/Rock
270667,Pop/Rock
521851,Pop/Rock
146490,Pop/Rock
335747,Pop/Rock
757342,Pop/Rock
771905,Pop/Rock
229157,Pop/Rock
830538,Pop/Rock
582930,Pop/Rock
842611,Pop/Rock
339577,Pop/Rock
755519,Pop/Rock
940583,Pop/Rock
946137,Pop/Rock
48566,Pop/Rock
345427,Pop/Rock
404345,Pop/Rock
417607,Pop/Rock
500664,Pop/Rock
843607,Pop/Rock
75591,Pop/Rock
186185,Pop/Rock
374126,Pop/Rock
28772,Pop/Rock
541125,Pop/Rock
784760,Pop/Rock
135032,Pop/Rock
807121,Pop/Rock
670088,Pop/Rock
101701,Pop/Rock
184267,Pop/Rock
634377,Pop/Rock
765595,Pop/Rock
813731,Pop/Rock
249973,Pop/Rock
420539,Pop/Rock
625736,Pop/Rock
194018,Pop/Rock
204708,Pop/Rock
620121,Pop/Rock
668302,Pop/Rock
776562,Pop/Rock
28432,Pop/Rock
38579,Pop/Rock
49374,Pop/Rock
52093,Pop/Rock
206241,Pop/Rock
296903,Pop/Rock
566918,Pop/Rock
567862,Pop/Rock
926428,Pop/Rock
428717,Pop/Rock
193342,Pop/Rock
631535,Pop/Rock
2368302,Pop/Rock
308742,Pop/Rock
492037,Pop/Rock
568137,Pop/Rock
569402,Pop/Rock
748904,Pop/Rock
933633,Pop/Rock
570825,Pop/Rock
239961,Pop/Rock
820232,Pop/Rock
26023,Pop/Rock
687487,Pop/Rock
582024,Pop/Rock
795341,Pop/Rock
799644,Pop/Rock
165855,Pop/Rock
109735,Pop/Rock
483848,Pop/Rock
937098,Pop/Rock
520545,Pop/Rock
228266,Pop/Rock
89713,Pop/Rock
553483,Pop/Rock
763237,Pop/Rock
926307,Pop/Rock
808214,Pop/Rock
171150,Pop/Rock
492275,Pop/Rock
553810,Pop/Rock
141838,Pop/Rock
320845,Pop/Rock
339624,Pop/Rock
347148,Pop/Rock
492466,Pop/Rock
623254,Pop/Rock
554963,Pop/Rock
811622,Pop/Rock
26164,Pop/Rock
498961,Pop/Rock
620495,Pop/Rock
921710,Pop/Rock
504276,Pop/Rock
620386,Pop/Rock
183715,Pop/Rock
763601,Pop/Rock
327735,Pop/Rock
318966,Pop/Rock
375945,Pop/Rock
49062,Pop/Rock
185018,Pop/Rock
211095,Pop/Rock
195237,Pop/Rock
135543,Pop/Rock
490620,Pop/Rock
807026,Pop/Rock
753685,Pop/Rock
750970,Pop/Rock
1043986,Pop/Rock
96744,Pop/Rock
298764,Pop/Rock
372322,Pop/Rock
754055,Pop/Rock
924508,Pop/Rock
87597,Pop/Rock
179126,Pop/Rock
668922,Pop/Rock
930204,Pop/Rock
66869,Pop/Rock
765302,Pop/Rock
790509,Pop/Rock
116178,Pop/Rock
918400,Pop/Rock
85915,Pop/Rock
235169,Pop/Rock
655547,Pop/Rock
772191,Pop/Rock
405903,Pop/Rock
462110,Pop/Rock
475431,Pop/Rock
140521,Pop/Rock
160054,Pop/Rock
210425,Pop/Rock
591048,Pop/Rock
51909,Pop/Rock
945196,Pop/Rock
107090,Pop/Rock
351227,Pop/Rock
359613,Pop/Rock
34094,Pop/Rock
182884,Pop/Rock
90188,Pop/Rock
110341,Pop/Rock
406575,Pop/Rock
536275,Pop/Rock
593930,Pop/Rock
240081,Pop/Rock
288904,Pop/Rock
780005,Pop/Rock
130028,Pop/Rock
8549,Pop/Rock
40230,Pop/Rock
803009,Pop/Rock
21578,Pop/Rock
109421,Pop/Rock
200882,Pop/Rock
125561,Pop/Rock
376422,Pop/Rock
359179,Pop/Rock
22348,Pop/Rock
305468,Pop/Rock
932665,Pop/Rock
1878899,Pop/Rock
99888,Pop/Rock
151979,Pop/Rock
181321,Pop/Rock
479113,Pop/Rock
683085,Pop/Rock
890799,Pop/Rock
36402,Pop/Rock
860080,Pop/Rock
201297,Pop/Rock
822910,Pop/Rock
194036,Pop/Rock
463435,Pop/Rock
1908947,Pop/Rock
403184,Pop/Rock
94890,Pop/Rock
120060,Pop/Rock
414016,Pop/Rock
660507,Pop/Rock
165736,Pop/Rock
787757,Pop/Rock
441,Pop/Rock
154417,Pop/Rock
172041,Pop/Rock
780258,Pop/Rock
495455,Pop/Rock
988529,Pop/Rock
568071,Pop/Rock
746731,Pop/Rock
496487,Pop/Rock
83859,Pop/Rock
480108,Pop/Rock
503602,Pop/Rock
504815,Pop/Rock
610346,Pop/Rock
949619,Pop/Rock
40922,Pop/Rock
93566,Pop/Rock
149840,Pop/Rock
266534,Pop/Rock
328288,Pop/Rock
310455,Pop/Rock
802464,Pop/Rock
751256,Pop/Rock
893383,Pop/Rock
169317,Pop/Rock
89018,Pop/Rock
651187,Pop/Rock
244073,Pop/Rock
201022,Pop/Rock
589630,Pop/Rock
592595,Pop/Rock
812711,Pop/Rock
377891,Pop/Rock
611881,Pop/Rock
835648,Pop/Rock
956093,Pop/Rock
97173,Pop/Rock
315142,Pop/Rock
36310,Pop/Rock
215041,Pop/Rock
61637,Pop/Rock
244537,Pop/Rock
255887,Pop/Rock
299277,Pop/Rock
677842,Pop/Rock
1211412,Pop/Rock
145086,Pop/Rock
891032,Pop/Rock
315339,Pop/Rock
358641,Pop/Rock
803544,Pop/Rock
29808,Pop/Rock
771419,Pop/Rock
387720,Pop/Rock
569644,Pop/Rock
290502,Pop/Rock
665860,Pop/Rock
62002,Pop/Rock
312890,Pop/Rock
516929,Pop/Rock
122023,Pop/Rock
321321,Pop/Rock
205520,Pop/Rock
480830,Pop/Rock
216846,Pop/Rock
401287,Pop/Rock
251361,Pop/Rock
520033,Pop/Rock
797147,Pop/Rock
418662,Pop/Rock
753617,Pop/Rock
806168,Pop/Rock
26367,Pop/Rock
164750,Pop/Rock
768010,Pop/Rock
792733,Pop/Rock
884449,Pop/Rock
78191,Pop/Rock
617336,Pop/Rock
347639,Pop/Rock
226331,Pop/Rock
450700,Pop/Rock
181329,Pop/Rock
674887,Pop/Rock
958839,Pop/Rock
46460,Pop/Rock
366407,Pop/Rock
809446,Pop/Rock
833782,Pop/Rock
30431,Pop/Rock
214593,Pop/Rock
221844,Pop/Rock
675710,Pop/Rock
687561,Pop/Rock
829122,Pop/Rock
647796,Pop/Rock
753706,Pop/Rock
919525,Pop/Rock
94126,Pop/Rock
25047,Pop/Rock
576718,Pop/Rock
757157,Pop/Rock
255733,Pop/Rock
234844,Pop/Rock
58386,Pop/Rock
187413,Pop/Rock
197364,Pop/Rock
866841,Pop/Rock
340152,Pop/Rock
259240,Pop/Rock
623518,Pop/Rock
560208,Pop/Rock
575695,Pop/Rock
257141,Pop/Rock
32971,Pop/Rock
268990,Pop/Rock
933883,Pop/Rock
101776,Pop/Rock
62729,Pop/Rock
805332,Pop/Rock
275130,Pop/Rock
831236,Pop/Rock
743966,Pop/Rock
818593,Pop/Rock
296487,Pop/Rock
4451,Pop/Rock
692251,Pop/Rock
898828,Pop/Rock
642796,Pop/Rock
786245,Pop/Rock
194039,Pop/Rock
760154,Pop/Rock
661525,Pop/Rock
7729,Pop/Rock
861687,Pop/Rock
230667,Pop/Rock
34172,Pop/Rock
294197,Pop/Rock
597965,Pop/Rock
746010,Pop/Rock
390532,Pop/Rock
17387,Pop/Rock
667020,Pop/Rock
141681,Pop/Rock
193963,Pop/Rock
251604,Pop/Rock
299776,Pop/Rock
355616,Pop/Rock
770007,Pop/Rock
778906,Pop/Rock
799100,Pop/Rock
806740,Pop/Rock
815090,Pop/Rock
93632,Pop/Rock
609396,Pop/Rock
750456,Pop/Rock
184811,Pop/Rock
633079,Pop/Rock
497760,Pop/Rock
398259,Pop/Rock
2825814,Pop/Rock
87179,Pop/Rock
467382,Pop/Rock
746182,Pop/Rock
902138,Pop/Rock
2252,Pop/Rock
933568,Pop/Rock
6320,Pop/Rock
203695,Pop/Rock
83194,Pop/Rock
186805,Pop/Rock
251491,Pop/Rock
508443,Pop/Rock
383889,Pop/Rock
758630,Pop/Rock
138271,Pop/Rock
158656,Pop/Rock
251033,Pop/Rock
664346,Pop/Rock
414889,Pop/Rock
624504,Pop/Rock
165294,Pop/Rock
225948,Pop/Rock
522377,Pop/Rock
665908,Pop/Rock
343954,Pop/Rock
75665,Pop/Rock
153526,Pop/Rock
183139,Pop/Rock
680065,Pop/Rock
121318,Pop/Rock
254556,Pop/Rock
239827,Pop/Rock
173487,Pop/Rock
320426,Pop/Rock
421315,Pop/Rock
275386,Pop/Rock
793022,Pop/Rock
940831,Pop/Rock
480086,Pop/Rock
930722,Pop/Rock
249303,Pop/Rock
314372,Pop/Rock
489209,Pop/Rock
610339,Pop/Rock
943827,Pop/Rock
112204,Pop/Rock
287350,Pop/Rock
648407,Pop/Rock
689367,Pop/Rock
633078,Pop/Rock
46381,Pop/Rock
898275,Pop/Rock
301404,Pop/Rock
392553,Pop/Rock
449578,Pop/Rock
262794,Pop/Rock
947563,Pop/Rock
240923,Pop/Rock
12877,Pop/Rock
588112,Pop/Rock
163570,Pop/Rock
414745,Pop/Rock
247545,Pop/Rock
409670,Pop/Rock
97786,Pop/Rock
282800,Pop/Rock
636394,Pop/Rock
850693,Pop/Rock
763341,Pop/Rock
127451,Pop/Rock
96576,Pop/Rock
324646,Pop/Rock
475980,Pop/Rock
863102,Pop/Rock
339905,Pop/Rock
958768,Pop/Rock
31022,Pop/Rock
771269,Pop/Rock
298225,Pop/Rock
781350,Pop/Rock
787702,Pop/Rock
99449,Pop/Rock
97491,Pop/Rock
261087,Pop/Rock
363100,Pop/Rock
786360,Pop/Rock
222974,Pop/Rock
654543,Pop/Rock
924780,Pop/Rock
125528,Pop/Rock
139741,Pop/Rock
797670,Pop/Rock
918600,Pop/Rock
948061,Pop/Rock
87922,Pop/Rock
771792,Pop/Rock
337119,Pop/Rock
185810,Pop/Rock
611929,Pop/Rock
947576,Pop/Rock
784766,Pop/Rock
165162,Pop/Rock
943268,Pop/Rock
933809,Pop/Rock
279141,Pop/Rock
319945,Pop/Rock
524050,Pop/Rock
785357,Pop/Rock
516202,Pop/Rock
532487,Pop/Rock
187162,Pop/Rock
834466,Pop/Rock
825387,Pop/Rock
48587,Pop/Rock
5501,Pop/Rock
329883,Pop/Rock
131038,Pop/Rock
798113,Pop/Rock
26193,Pop/Rock
846092,Pop/Rock
849246,Pop/Rock
668127,Pop/Rock
756772,Pop/Rock
50034,Pop/Rock
67539,Pop/Rock
401166,Pop/Rock
171994,Pop/Rock
35464,Pop/Rock
118664,Pop/Rock
31324,Pop/Rock
807028,Pop/Rock
3669,Pop/Rock
988655,Pop/Rock
792018,Pop/Rock
796736,Pop/Rock
195305,Pop/Rock
655273,Pop/Rock
575379,Pop/Rock
186096,Pop/Rock
255347,Pop/Rock
420504,Pop/Rock
957340,Pop/Rock
743760,Pop/Rock
118384,Pop/Rock
86826,Pop/Rock
391003,Pop/Rock
768231,Pop/Rock
946563,Pop/Rock
120615,Pop/Rock
126048,Pop/Rock
601079,Pop/Rock
884686,Pop/Rock
335302,Pop/Rock
808212,Pop/Rock
254215,Pop/Rock
280960,Pop/Rock
381371,Pop/Rock
117064,Pop/Rock
126782,Pop/Rock
660053,Pop/Rock
775323,Pop/Rock
178645,Pop/Rock
838875,Pop/Rock
574143,Pop/Rock
300035,Pop/Rock
125822,Pop/Rock
217963,Pop/Rock
93849,Pop/Rock
129637,Pop/Rock
116087,Pop/Rock
45475,Pop/Rock
400279,Pop/Rock
927650,Pop/Rock
771470,Pop/Rock
644880,Pop/Rock
752673,Pop/Rock
950441,Pop/Rock
765900,Pop/Rock
597875,Pop/Rock
775406,Pop/Rock
621423,Pop/Rock
808336,Pop/Rock
951375,Pop/Rock
290853,Pop/Rock
1233067,Pop/Rock
98278,Pop/Rock
751623,Pop/Rock
62270,Pop/Rock
186390,Pop/Rock
620578,Pop/Rock
524522,Pop/Rock
296802,Pop/Rock
926237,Pop/Rock
936095,Pop/Rock
790078,Pop/Rock
852810,Pop/Rock
491802,Pop/Rock
762177,Pop/Rock
194743,Pop/Rock
426564,Pop/Rock
80118,Pop/Rock
221445,Pop/Rock
77732,Pop/Rock
25394,Pop/Rock
263852,Pop/Rock
147316,Pop/Rock
287407,Pop/Rock
673933,Pop/Rock
62860,Pop/Rock
316611,Pop/Rock
574102,Pop/Rock
614982,Pop/Rock
20862,Pop/Rock
669303,Pop/Rock
919846,Pop/Rock
168993,Pop/Rock
166291,Pop/Rock
647834,Pop/Rock
198302,Pop/Rock
931567,Pop/Rock
861757,Pop/Rock
123754,Pop/Rock
459616,Pop/Rock
585896,Pop/Rock
1006765,Pop/Rock
33666,Pop/Rock
219655,Pop/Rock
6310,Pop/Rock
208997,Pop/Rock
32433,Pop/Rock
679219,Pop/Rock
341672,Pop/Rock
956268,Pop/Rock
38291,Pop/Rock
111963,Pop/Rock
198922,Pop/Rock
320442,Pop/Rock
97949,Pop/Rock
144538,Pop/Rock
639056,Pop/Rock
757177,Pop/Rock
923801,Pop/Rock
227697,Pop/Rock
482572,Pop/Rock
605965,Pop/Rock
927373,Pop/Rock
170879,Pop/Rock
670226,Pop/Rock
800926,Pop/Rock
217792,Pop/Rock
746915,Pop/Rock
80649,Pop/Rock
216212,Pop/Rock
130036,Pop/Rock
133528,Pop/Rock
57497,Pop/Rock
355412,Pop/Rock
28002,Pop/Rock
178799,Pop/Rock
923323,Pop/Rock
128266,Pop/Rock
355555,Pop/Rock
856451,Pop/Rock
168110,Pop/Rock
289599,Pop/Rock
10982,Pop/Rock
75394,Pop/Rock
843106,Pop/Rock
168256,Pop/Rock
250976,Pop/Rock
600640,Pop/Rock
620603,Pop/Rock
614455,Pop/Rock
354883,Pop/Rock
574119,Pop/Rock
371879,Pop/Rock
948333,Pop/Rock
143749,Pop/Rock
98944,Pop/Rock
285693,Pop/Rock
7305,Pop/Rock
405522,Pop/Rock
502978,Pop/Rock
762990,Pop/Rock
681154,Pop/Rock
762885,Pop/Rock
804431,Pop/Rock
1839912,Pop/Rock
26825,Pop/Rock
151549,Pop/Rock
194246,Pop/Rock
365542,Pop/Rock
785101,Pop/Rock
385180,Pop/Rock
747243,Pop/Rock
333181,Pop/Rock
184471,Pop/Rock
105129,Pop/Rock
120412,Pop/Rock
745568,Pop/Rock
153915,Pop/Rock
796281,Pop/Rock
123363,Pop/Rock
611104,Pop/Rock
888484,Pop/Rock
956973,Pop/Rock
388972,Pop/Rock
739041,Pop/Rock
121746,Pop/Rock
89305,Pop/Rock
748262,Pop/Rock
16361,Pop/Rock
180023,Pop/Rock
170228,Pop/Rock
845668,Pop/Rock
387095,Pop/Rock
899223,Pop/Rock
953552,Pop/Rock
918290,Pop/Rock
298766,Pop/Rock
503283,Pop/Rock
763611,Pop/Rock
411745,Pop/Rock
158540,Pop/Rock
217641,Pop/Rock
724720,Pop/Rock
280692,Pop/Rock
299429,Pop/Rock
86927,Pop/Rock
831733,Pop/Rock
35864,Pop/Rock
243012,Pop/Rock
836394,Pop/Rock
854854,Pop/Rock
206465,Pop/Rock
484607,Pop/Rock
132095,Pop/Rock
921598,Pop/Rock
8245,Pop/Rock
137401,Pop/Rock
562663,Pop/Rock
329232,Pop/Rock
480956,Pop/Rock
487663,Pop/Rock
796957,Pop/Rock
952834,Pop/Rock
755496,Pop/Rock
502774,Pop/Rock
806822,Pop/Rock
897322,Pop/Rock
342691,Pop/Rock
648097,Pop/Rock
607094,Pop/Rock
810592,Pop/Rock
222959,Pop/Rock
1777836,Pop/Rock
944933,Pop/Rock
920117,Pop/Rock
938878,Pop/Rock
74857,Pop/Rock
840289,Pop/Rock
961152,Pop/Rock
109274,Pop/Rock
545534,Pop/Rock
752303,Pop/Rock
854203,Pop/Rock
847970,Pop/Rock
840215,Pop/Rock
42589,Pop/Rock
620056,Pop/Rock
1113,Pop/Rock
201983,Pop/Rock
537444,Pop/Rock
2006721,Pop/Rock
490860,Pop/Rock
49797,Pop/Rock
288154,Pop/Rock
1498,Pop/Rock
71373,Pop/Rock
297839,Pop/Rock
224925,Pop/Rock
368578,Pop/Rock
847374,Pop/Rock
949780,Pop/Rock
616296,Pop/Rock
101415,Pop/Rock
597239,Pop/Rock
347151,Pop/Rock
21009,Pop/Rock
487012,Pop/Rock
812388,Pop/Rock
450991,Pop/Rock
246169,Pop/Rock
753833,Pop/Rock
868616,Pop/Rock
988627,Pop/Rock
97384,Pop/Rock
520583,Pop/Rock
185383,Pop/Rock
201958,Pop/Rock
35719,Pop/Rock
641709,Pop/Rock
118979,Pop/Rock
615304,Pop/Rock
949211,Pop/Rock
938638,Pop/Rock
492521,Pop/Rock
485525,Pop/Rock
625278,Pop/Rock
32401,Pop/Rock
527024,Pop/Rock
174132,Pop/Rock
232598,Pop/Rock
495288,Pop/Rock
128141,Pop/Rock
921542,Pop/Rock
757070,Pop/Rock
813463,Pop/Rock
31606,Pop/Rock
135059,Pop/Rock
103447,Pop/Rock
520215,Pop/Rock
186545,Pop/Rock
595768,Pop/Rock
412393,Pop/Rock
919853,Pop/Rock
85806,Pop/Rock
85038,Pop/Rock
233147,Pop/Rock
412710,Pop/Rock
787696,Pop/Rock
100659,Pop/Rock
16132,Pop/Rock
509156,Pop/Rock
791734,Pop/Rock
855232,Pop/Rock
48123,Pop/Rock
919603,Pop/Rock
621101,Pop/Rock
755745,Pop/Rock
333903,Pop/Rock
297849,Pop/Rock
528895,Pop/Rock
285232,Pop/Rock
514563,Pop/Rock
40294,Pop/Rock
38061,Pop/Rock
299567,Pop/Rock
944293,Pop/Rock
814871,Pop/Rock
395187,Pop/Rock
318085,Pop/Rock
1811373,Pop/Rock
172582,Pop/Rock
164686,Pop/Rock
574033,Pop/Rock
769486,Pop/Rock
896817,Pop/Rock
925450,Pop/Rock
831448,Pop/Rock
90945,Pop/Rock
58934,Pop/Rock
343455,Pop/Rock
886961,Pop/Rock
45560,Pop/Rock
159655,Pop/Rock
175379,Pop/Rock
382565,Pop/Rock
400815,Pop/Rock
178621,Pop/Rock
333766,Pop/Rock
953875,Pop/Rock
253408,Pop/Rock
618230,Pop/Rock
185543,Pop/Rock
226556,Pop/Rock
509524,Pop/Rock
169099,Pop/Rock
84258,Pop/Rock
176332,Pop/Rock
674600,Pop/Rock
919282,Pop/Rock
24113,Pop/Rock
393031,Pop/Rock
491174,Pop/Rock
349180,Pop/Rock
176256,Pop/Rock
164189,Pop/Rock
257160,Pop/Rock
892586,Pop/Rock
14724,Pop/Rock
22875,Pop/Rock
105030,Pop/Rock
107556,Pop/Rock
347451,Pop/Rock
406657,Pop/Rock
213273,Pop/Rock
793898,Pop/Rock
125829,Pop/Rock
829033,Pop/Rock
214383,Pop/Rock
194578,Pop/Rock
11620,Pop/Rock
477001,Pop/Rock
40743,Pop/Rock
12491,Pop/Rock
754587,Pop/Rock
20984,Pop/Rock
166658,Pop/Rock
276626,Pop/Rock
609590,Pop/Rock
753422,Pop/Rock
317571,Pop/Rock
36975,Pop/Rock
191070,Pop/Rock
122381,Pop/Rock
832507,Pop/Rock
97395,Pop/Rock
98467,Pop/Rock
937397,Pop/Rock
178371,Pop/Rock
11046,Pop/Rock
490852,Pop/Rock
746302,Pop/Rock
334243,Pop/Rock
595559,Pop/Rock
855619,Pop/Rock
355142,Pop/Rock
857621,Pop/Rock
483716,Pop/Rock
753868,Pop/Rock
793456,Pop/Rock
49026,Pop/Rock
206658,Pop/Rock
860561,Pop/Rock
159410,Pop/Rock
467444,Pop/Rock
577358,Pop/Rock
48265,Pop/Rock
921359,Pop/Rock
167296,Pop/Rock
470588,Pop/Rock
934243,Pop/Rock
185999,Pop/Rock
419102,Pop/Rock
866271,Pop/Rock
175025,Pop/Rock
307102,Pop/Rock
376793,Pop/Rock
207290,Pop/Rock
890559,Pop/Rock
614933,Pop/Rock
777009,Pop/Rock
919418,Pop/Rock
31442,Pop/Rock
29604,Pop/Rock
558954,Pop/Rock
138071,Pop/Rock
664770,Pop/Rock
760214,Pop/Rock
894962,Pop/Rock
818702,Pop/Rock
840708,Pop/Rock
511257,Pop/Rock
800695,Pop/Rock
666244,Pop/Rock
59758,Pop/Rock
952786,Pop/Rock
2717459,Pop/Rock
691371,Pop/Rock
94792,Pop/Rock
367188,Pop/Rock
503460,Pop/Rock
859589,Pop/Rock
994823,Pop/Rock
2124046,Pop/Rock
221059,Pop/Rock
919239,Pop/Rock
185591,Pop/Rock
710448,Pop/Rock
134051,Pop/Rock
380651,Pop/Rock
222153,Pop/Rock
469519,Pop/Rock
631275,Pop/Rock
2165952,Pop/Rock
166505,Pop/Rock
663645,Pop/Rock
681718,Pop/Rock
237773,Pop/Rock
639748,Pop/Rock
44776,Pop/Rock
386560,Pop/Rock
562850,Pop/Rock
277572,Pop/Rock
662416,Pop/Rock
843995,Pop/Rock
923745,Pop/Rock
109628,Pop/Rock
9218,Pop/Rock
233136,Pop/Rock
472102,Pop/Rock
2995948,Pop/Rock
2397780,Pop/Rock
128873,Pop/Rock
755918,Pop/Rock
548397,Pop/Rock
720741,Pop/Rock
922398,Pop/Rock
1013375,Pop/Rock
798658,Pop/Rock
1032082,Pop/Rock
749743,Pop/Rock
528243,Pop/Rock
990368,Pop/Rock
94861,Pop/Rock
182302,Pop/Rock
755152,Pop/Rock
896216,Pop/Rock
990366,Pop/Rock
1422105,Pop/Rock
1029659,Pop/Rock
219428,Pop/Rock
2048033,Pop/Rock
2290007,Pop/Rock
280897,Pop/Rock
187422,Pop/Rock
944700,Pop/Rock
996127,Pop/Rock
670734,Pop/Rock
1055021,Pop/Rock
822089,Pop/Rock
736318,Pop/Rock
866215,Pop/Rock
485365,Pop/Rock
569600,Pop/Rock
1072350,Pop/Rock
2031918,Pop/Rock
2867436,Pop/Rock
366681,Pop/Rock
180516,Pop/Rock
580300,Pop/Rock
588246,Pop/Rock
1507678,Pop/Rock
2873356,Pop/Rock
479149,Pop/Rock
586843,Pop/Rock
985076,Pop/Rock
1391526,Pop/Rock
2639628,Pop/Rock
325357,Pop/Rock
573391,Pop/Rock
460390,Pop/Rock
80358,Pop/Rock
2598627,Pop/Rock
2507287,Pop/Rock
2766592,Pop/Rock
3006966,Pop/Rock
588887,Pop/Rock
2814183,Pop/Rock
74,Pop/Rock
589,Pop/Rock
2330,Easy Listening
2411,Electronic
2578,Pop/Rock
2867,Pop/Rock
3226,Pop/Rock
3595,Stage & Screen
4852,Latin
4955,Pop/Rock
5307,R&B;
5980,Vocal
8125,R&B;
8570,Pop/Rock
8591,Pop/Rock
9437,Country
9490,Pop/Rock
9787,Pop/Rock
9970,Pop/Rock
11506,Pop/Rock
11608,Blues
11664,Pop/Rock
11910,Jazz
12128,R&B;
12595,Pop/Rock
12654,Comedy/Spoken
12972,Pop/Rock
13101,New Age
13384,Country
13583,Pop/Rock
13755,Pop/Rock
14201,Folk
14651,Country
14699,Pop/Rock
14757,Classical
14822,Pop/Rock
14931,R&B;
14959,Pop/Rock
15318,Country
15405,Pop/Rock
16227,R&B;
16574,Electronic
17021,Pop/Rock
17748,R&B;
17877,R&B;
17937,Vocal
18258,R&B;
18691,Pop/Rock
18828,Pop/Rock
18862,Pop/Rock
19029,Pop/Rock
19133,Pop/Rock
19241,Country
19392,Pop/Rock
19831,Pop/Rock
20729,Pop/Rock
20740,Reggae
20760,Country
20812,Pop/Rock
20919,Electronic
21008,Country
21292,Country
21492,Pop/Rock
21670,Pop/Rock
22369,Pop/Rock
22602,Pop/Rock
22981,Pop/Rock
23925,Pop/Rock
24152,Pop/Rock
24568,Folk
24944,Religious
25142,Pop/Rock
25236,Pop/Rock
25462,Electronic
25899,Electronic
26161,International
26510,Country
26637,Pop/Rock
27102,Pop/Rock
27136,Latin
27221,Pop/Rock
27916,R&B;
28863,Pop/Rock
29365,Pop/Rock
29600,Pop/Rock
29867,Vocal
31067,R&B;
31158,Stage & Screen
31617,Pop/Rock
31697,Pop/Rock
31765,Pop/Rock
31823,Electronic
31969,Pop/Rock
32301,Pop/Rock
32366,Folk
33161,R&B;
34249,Country
34382,Pop/Rock
34867,R&B;
34880,Pop/Rock
35338,R&B;
35697,R&B;
36312,Country
36987,Jazz
37026,Country
37931,Pop/Rock
38321,Pop/Rock
38466,Vocal
38805,R&B;
39342,Pop/Rock
39406,Pop/Rock
39637,Pop/Rock
40124,Pop/Rock
40501,New Age
40648,Pop/Rock
41283,Pop/Rock
41420,R&B;
41976,Pop/Rock
42234,New Age
43348,Pop/Rock
43520,Blues
44068,Religious
44663,Pop/Rock
44751,Country
44994,Blues
45379,Jazz
46429,Jazz
46626,Country
46814,Country
48061,Pop/Rock
48126,Pop/Rock
48806,Electronic
48811,Pop/Rock
49367,R&B;
50588,Pop/Rock
50967,Country
51603,Classical
52900,Folk
53221,Pop/Rock
53739,Vocal
55778,Pop/Rock
56193,Electronic
57124,R&B;
57151,Pop/Rock
57636,Electronic
57840,Country
58438,R&B;
58947,Pop/Rock
59819,R&B;
59989,Pop/Rock
60012,Pop/Rock
61041,Pop/Rock
61226,R&B;
61792,Pop/Rock
62609,Pop/Rock
63340,Pop/Rock
64149,Pop/Rock
65040,Pop/Rock
65397,Country
66429,Country
66514,Pop/Rock
67631,Electronic
68551,Country
69153,Folk
69986,Country
70586,Pop/Rock
70704,Reggae
71166,Pop/Rock
71636,Vocal
71970,R&B;
72109,Pop/Rock
72205,Country
72716,Country
72861,Electronic
72941,Pop/Rock
72998,Pop/Rock
73444,Pop/Rock
73553,Pop/Rock
73682,R&B;
73969,Pop/Rock
74397,Jazz
74520,Pop/Rock
74776,Pop/Rock
74853,Electronic
75308,Pop/Rock
76561,Country
76788,Country
77264,Pop/Rock
77578,Pop/Rock
77952,Pop/Rock
78044,R&B;
78467,Pop/Rock
79392,Religious
79959,Pop/Rock
80340,Pop/Rock
80428,Vocal
80494,Pop/Rock
80609,Pop/Rock
81017,New Age
81248,Electronic
81561,Country
81619,Country
81739,Country
81832,Pop/Rock
82742,Country
83013,R&B;
84387,Pop/Rock
84446,R&B;
85271,Pop/Rock
85397,R&B;
85410,Country
86250,Pop/Rock
86312,Country
86828,Pop/Rock
87697,R&B;
87741,Pop/Rock
89071,Pop/Rock
89306,Pop/Rock
89870,Pop/Rock
89873,Country
90079,Country
90124,Electronic
90174,Pop/Rock
91549,Pop/Rock
91852,International
92107,R&B;
92507,Pop/Rock
93565,Pop/Rock
93859,Pop/Rock
94224,R&B;
95613,International
96379,R&B;
96679,Pop/Rock
96804,Pop/Rock
96944,Country
97065,Pop/Rock
97182,International
97200,Pop/Rock
97203,Country
97654,Pop/Rock
98081,Vocal
98361,Pop/Rock
98688,Country
98707,Pop/Rock
99104,Folk
99508,Pop/Rock
99561,Folk
99753,Country
99770,Pop/Rock
100496,Pop/Rock
101072,Pop/Rock
101628,Jazz
101795,Jazz
102399,Jazz
102750,Pop/Rock
102964,Pop/Rock
102985,Vocal
103033,R&B;
104548,Pop/Rock
104714,Electronic
105329,Jazz
105462,R&B;
105638,Pop/Rock
105685,Pop/Rock
106145,R&B;
107227,Electronic
107950,Pop/Rock
108340,Pop/Rock
109012,Pop/Rock
109202,Pop/Rock
109263,Pop/Rock
109542,Pop/Rock
110011,Pop/Rock
110791,Pop/Rock
110792,Pop/Rock
113082,Pop/Rock
113480,Jazz
116425,Pop/Rock
116984,R&B;
117001,R&B;
117844,Country
118243,Blues
118289,R&B;
118503,Country
118791,Country
118798,Pop/Rock
119058,Unknown
119469,Pop/Rock
119655,Pop/Rock
120163,Pop/Rock
120411,Pop/Rock
121236,Pop/Rock
121584,New Age
121590,Vocal
121778,Pop/Rock
121863,Pop/Rock
122219,R&B;
122738,Blues
125088,Pop/Rock
125940,Latin
126168,R&B;
126287,Pop/Rock
126731,Pop/Rock
127301,Electronic
127898,Pop/Rock
128099,R&B;
128231,Pop/Rock
128244,Pop/Rock
128290,Jazz
129430,Electronic
129551,Pop/Rock
129775,R&B;
130037,Country
130115,Folk
130552,Pop/Rock
132449,Country
132579,Religious
133057,Country
133420,Pop/Rock
133719,Electronic
133988,Stage & Screen
134600,R&B;
134761,Country
135024,R&B;
135273,R&B;
135740,Pop/Rock
136124,Electronic
136640,Country
137430,R&B;
137904,Pop/Rock
137980,Pop/Rock
138235,Pop/Rock
139212,Pop/Rock
139655,Pop/Rock
140816,R&B;
141683,Pop/Rock
141774,Jazz
141893,Pop/Rock
142050,Country
142249,Electronic
142963,Pop/Rock
143367,R&B;
143781,Pop/Rock
144629,Pop/Rock
146478,Pop/Rock
146551,Electronic
146755,Pop/Rock
147306,Country
147468,Pop/Rock
147638,Electronic
147785,Pop/Rock
148004,Pop/Rock
148227,Pop/Rock
149102,Pop/Rock
150048,Electronic
150181,Pop/Rock
151290,Jazz
151504,Pop/Rock
152002,Country
152384,Pop/Rock
153103,Pop/Rock
153129,R&B;
153630,Pop/Rock
153933,Pop/Rock
154297,Pop/Rock
154822,Pop/Rock
155091,Pop/Rock
155563,Religious
155801,Pop/Rock
156122,Pop/Rock
156484,Pop/Rock
156886,Jazz
156938,Reggae
157377,New Age
158018,Pop/Rock
158765,Pop/Rock
158849,Electronic
158888,Electronic
159699,Country
160690,R&B;
161808,Country
161920,R&B;
162269,Country
162487,Country
162943,Pop/Rock
163059,Pop/Rock
163435,Latin
164175,Pop/Rock
164504,Pop/Rock
164594,R&B;
165011,R&B;
165076,Pop/Rock
165077,Religious
165354,Pop/Rock
165652,Pop/Rock
166033,Latin
167762,Pop/Rock
168126,Pop/Rock
168958,R&B;
169189,Pop/Rock
169239,Electronic
170758,Pop/Rock
170770,R&B;
171015,Jazz
171854,Reggae
172205,Pop/Rock
173647,Pop/Rock
174007,Pop/Rock
174198,Pop/Rock
175049,Pop/Rock
175286,Country
175459,Pop/Rock
175525,Pop/Rock
175579,Pop/Rock
175992,Pop/Rock
176358,R&B;
176360,Country
177117,Pop/Rock
177336,Pop/Rock
177454,Electronic
177588,New Age
177856,Latin
178051,Electronic
178143,Pop/Rock
178345,Pop/Rock
178549,Pop/Rock
179105,Folk
179191,Pop/Rock
179636,Pop/Rock
179698,Jazz
180503,Pop/Rock
181719,Pop/Rock
182360,R&B;
183311,Pop/Rock
183777,Pop/Rock
184199,Country
184208,International
185615,Country
185617,Pop/Rock
185669,Country
186440,Pop/Rock
186481,Pop/Rock
187172,Pop/Rock
187581,R&B;
188261,Pop/Rock
188342,Country
188467,Pop/Rock
188809,Stage & Screen
190012,New Age
190843,Pop/Rock
191175,Pop/Rock
191699,Latin
191947,R&B;
191983,Pop/Rock
192840,Pop/Rock
193305,R&B;
193594,Vocal
194008,Pop/Rock
196248,Country
196254,Jazz
196969,Folk
196976,Country
197460,Vocal
197475,Pop/Rock
197757,Pop/Rock
199089,Pop/Rock
199917,Easy Listening
200791,Country
201593,Pop/Rock
201668,Pop/Rock
201716,Country
202084,Pop/Rock
202089,R&B;
202162,Pop/Rock
203711,Jazz
203765,Pop/Rock
204847,Pop/Rock
205442,Pop/Rock
205838,Pop/Rock
206167,Pop/Rock
206668,R&B;
207127,Country
208774,R&B;
208893,Pop/Rock
209019,Pop/Rock
210142,Blues
210143,Pop/Rock
210276,Pop/Rock
210512,Country
211146,Pop/Rock
211578,Pop/Rock
213561,Electronic
214162,Country
214580,Pop/Rock
215296,Pop/Rock
215997,Pop/Rock
217344,Pop/Rock
217994,Pop/Rock
218473,Pop/Rock
218709,Jazz
218994,Country
220024,Electronic
220403,Latin
221426,Pop/Rock
221603,Country
221803,Electronic
221894,R&B;
222387,Pop/Rock
222748,Pop/Rock
223523,Pop/Rock
223701,Jazz
223861,Pop/Rock
224345,Pop/Rock
225607,Jazz
227088,Country
227487,Folk
228371,Pop/Rock
228889,Pop/Rock
230111,Folk
230244,Pop/Rock
230297,Pop/Rock
230845,Pop/Rock
231225,Pop/Rock
231342,Pop/Rock
232480,Stage & Screen
232701,Country
232869,R&B;
233862,Jazz
234192,Pop/Rock
234325,Country
237517,Country
237668,Pop/Rock
238686,R&B;
238968,Pop/Rock
239638,Blues
239655,Religious
240252,Latin
241635,Pop/Rock
241650,Electronic
242473,Blues
242578,Pop/Rock
243238,International
244608,Pop/Rock
245019,Folk
245250,Latin
245513,Pop/Rock
246032,Pop/Rock
247065,Pop/Rock
247699,Pop/Rock
247824,R&B;
247963,Pop/Rock
249444,Latin
249528,Pop/Rock
250798,Electronic
251206,Country
251437,Electronic
251925,Reggae
252315,Reggae
252495,Vocal
253076,Electronic
253137,Pop/Rock
253232,Electronic
253657,Pop/Rock
254411,Pop/Rock
254535,Vocal
254827,Country
254972,Pop/Rock
255051,Pop/Rock
255210,Jazz
255377,Jazz
255576,Pop/Rock
256557,Pop/Rock
256951,Pop/Rock
257364,R&B;
257787,Country
258514,Pop/Rock
258567,Pop/Rock
258741,R&B;
258882,R&B;
260384,Pop/Rock
261106,Pop/Rock
261623,Pop/Rock
262255,R&B;
263271,Pop/Rock
263995,Folk
264430,Pop/Rock
264499,Pop/Rock
264617,Pop/Rock
266063,R&B;
266151,Country
266503,R&B;
267814,R&B;
268700,Pop/Rock
269972,R&B;
270770,International
271113,Vocal
272563,Pop/Rock
273531,Vocal
274321,Folk
274637,R&B;
274822,Blues
275335,Vocal
277059,Pop/Rock
277764,Country
278575,Country
279315,Pop/Rock
279337,R&B;
281225,Pop/Rock
281254,Country
282752,Pop/Rock
282766,Folk
283335,Pop/Rock
284207,Pop/Rock
284546,Pop/Rock
285272,Country
286115,Country
286518,Pop/Rock
286561,Folk
286572,Pop/Rock
286639,Pop/Rock
286662,Country
288111,Latin
288350,Religious
289058,Pop/Rock
290072,R&B;
293448,Pop/Rock
293490,Vocal
293969,Electronic
294085,Country
294126,Pop/Rock
294923,Folk
295274,Pop/Rock
295545,Folk
296024,Latin
296815,Folk
297569,Pop/Rock
300578,Pop/Rock
300583,Country
300749,Country
302026,Pop/Rock
302106,R&B;
302774,Electronic
304102,Electronic
306851,Electronic
307083,Pop/Rock
307875,Country
307913,Folk
308013,Pop/Rock
310724,Pop/Rock
310905,Pop/Rock
311680,Latin
312004,Latin
312657,Pop/Rock
313128,International
313521,Pop/Rock
314576,Country
316834,R&B;
317129,Folk
318882,Country
319846,Pop/Rock
319956,Pop/Rock
321944,Religious
322365,Pop/Rock
322642,Comedy/Spoken
323641,Pop/Rock
325443,Religious
327765,Stage & Screen
328201,Pop/Rock
328956,Pop/Rock
329542,Pop/Rock
329978,Pop/Rock
330061,Pop/Rock
331323,Pop/Rock
331666,New Age
333634,Folk
333648,Pop/Rock
334054,Pop/Rock
334216,Pop/Rock
334740,Country
337631,Blues
338593,Latin
341137,Blues
344037,Pop/Rock
344609,Pop/Rock
345227,Pop/Rock
345708,Pop/Rock
346684,Pop/Rock
346806,Pop/Rock
347741,Country
350139,Pop/Rock
350585,Country
352770,Pop/Rock
354609,Pop/Rock
355208,Pop/Rock
358528,Country
359026,Latin
359123,Pop/Rock
359494,Reggae
361393,R&B;
361541,Pop/Rock
362437,Country
363307,Latin
363327,Electronic
364861,Comedy/Spoken
365821,R&B;
367156,Pop/Rock
367231,Pop/Rock
368112,Country
369183,Pop/Rock
369955,Pop/Rock
370326,Pop/Rock
370703,Blues
372986,Religious
378041,Country
378288,Electronic
380737,Pop/Rock
382630,Pop/Rock
382671,Reggae
383056,Pop/Rock
385393,Pop/Rock
385766,Vocal
385797,Pop/Rock
385879,Country
387219,Pop/Rock
387815,Electronic
388773,Electronic
389378,Pop/Rock
390185,Pop/Rock
390390,R&B;
390743,Pop/Rock
391151,Pop/Rock
391285,Religious
391519,Country
391586,Pop/Rock
392856,Pop/Rock
392925,Country
393789,Country
394325,Jazz
394449,Folk
395633,Pop/Rock
397794,Pop/Rock
398909,Jazz
399249,Jazz
399659,Country
399733,Country
400717,Pop/Rock
402117,Pop/Rock
402351,R&B;
402872,R&B;
404136,Pop/Rock
404734,Pop/Rock
405494,Pop/Rock
405732,Pop/Rock
406583,Jazz
406589,Pop/Rock
407101,Pop/Rock
407942,New Age
410219,Country
411830,R&B;
413683,Blues
413853,Pop/Rock
414251,R&B;
419197,Electronic
422658,Pop/Rock
423829,Jazz
428329,Pop/Rock
428725,Pop/Rock
444140,Pop/Rock
447241,Pop/Rock
448144,Pop/Rock
448152,Pop/Rock
448207,Pop/Rock
450883,Pop/Rock
451398,Pop/Rock
453009,Pop/Rock
457692,Pop/Rock
459860,Pop/Rock
461391,Pop/Rock
461698,Pop/Rock
463527,Jazz
464348,Pop/Rock
466759,Religious
467203,R&B;
471156,Country
471645,Pop/Rock
473652,Pop/Rock
473909,Pop/Rock
474150,Pop/Rock
475010,Pop/Rock
475362,Avant-Garde
475511,Pop/Rock
475650,Pop/Rock
476248,Pop/Rock
476282,Pop/Rock
476425,Pop/Rock
476558,Pop/Rock
476744,Pop/Rock
477116,Electronic
477787,Pop/Rock
477793,Pop/Rock
479772,Pop/Rock
480549,Pop/Rock
480984,Pop/Rock
481354,Electronic
483473,Pop/Rock
483563,Pop/Rock
484880,Country
484890,Pop/Rock
485118,Pop/Rock
485204,Pop/Rock
485991,Latin
486115,Pop/Rock
486395,Pop/Rock
487038,Electronic
487219,Unknown
487534,Latin
487614,Electronic
488378,International
488394,Pop/Rock
489207,Jazz
489435,Pop/Rock
489520,New Age
490549,Country
491565,Pop/Rock
492162,Electronic
493848,Electronic
494016,Pop/Rock
494038,Pop/Rock
494746,R&B;
494774,Pop/Rock
495547,Pop/Rock
497132,Latin
497277,Pop/Rock
498241,Pop/Rock
498484,Pop/Rock
498987,R&B;
499745,Electronic
501537,Pop/Rock
501860,Pop/Rock
502269,Pop/Rock
502371,R&B;
503242,Country
507955,Pop/Rock
510805,Country
510885,Religious
510953,Pop/Rock
511041,Latin
513813,Comedy/Spoken
515628,Country
515641,Pop/Rock
517074,R&B;
517796,Pop/Rock
519954,Stage & Screen
521564,Jazz
521674,Jazz
522768,Country
529050,Pop/Rock
531653,Pop/Rock
533117,R&B;
533503,Pop/Rock
533551,Pop/Rock
535892,Pop/Rock
536122,Jazz
536321,Pop/Rock
537414,Pop/Rock
540010,Reggae
540742,Pop/Rock
540867,Pop/Rock
543169,Latin
543867,Country
544965,Pop/Rock
546205,Jazz
546735,Pop/Rock
546926,Pop/Rock
546976,Pop/Rock
548180,Pop/Rock
550940,Pop/Rock
551465,Folk
551762,Pop/Rock
551815,Jazz
551872,Pop/Rock
554804,Country
556199,Pop/Rock
556292,Pop/Rock
557191,Pop/Rock
557905,Pop/Rock
559785,Pop/Rock
560554,Pop/Rock
561037,Pop/Rock
562105,Pop/Rock
562144,Pop/Rock
562615,Pop/Rock
563390,Pop/Rock
566138,Pop/Rock
566448,Country
566988,Pop/Rock
567153,Pop/Rock
567294,Pop/Rock
567769,Pop/Rock
567959,R&B;
569064,R&B;
569119,Stage & Screen
570046,Electronic
570155,Pop/Rock
571258,Pop/Rock
571472,Reggae
572327,Pop/Rock
572578,Pop/Rock
574035,Pop/Rock
578031,Country
579037,Pop/Rock
581859,Pop/Rock
582419,Pop/Rock
582463,Pop/Rock
582629,Pop/Rock
583959,Country
584257,Electronic
585210,Pop/Rock
586319,Latin
586798,Electronic
587608,Electronic
588918,Country
589767,Pop/Rock
590483,Religious
592161,Pop/Rock
592954,Country
593772,Pop/Rock
594113,Pop/Rock
594309,Pop/Rock
594765,Avant-Garde
597269,Pop/Rock
597309,R&B;
597314,Pop/Rock
597736,Electronic
600228,Jazz
600264,Pop/Rock
600386,Electronic
600435,Pop/Rock
601697,Pop/Rock
603226,Pop/Rock
603621,International
604702,Pop/Rock
605375,Country
607202,Electronic
612095,Pop/Rock
614823,R&B;
614830,Pop/Rock
615247,Pop/Rock
616664,Pop/Rock
617980,Pop/Rock
618589,Pop/Rock
618713,Pop/Rock
619423,R&B;
619460,Pop/Rock
620759,Pop/Rock
621959,Electronic
622805,R&B;
623443,Jazz
624107,Pop/Rock
624190,Pop/Rock
624282,Pop/Rock
625203,Pop/Rock
625731,Pop/Rock
626268,Folk
626310,Pop/Rock
626774,Pop/Rock
626939,Pop/Rock
627026,R&B;
628912,Pop/Rock
629609,Country
631667,Pop/Rock
632233,Country
632986,Pop/Rock
633080,Pop/Rock
633313,Pop/Rock
633358,R&B;
634463,Pop/Rock
635425,Pop/Rock
635930,Pop/Rock
636106,International
636511,Pop/Rock
636841,Country
638603,Folk
638632,Electronic
639397,Latin
640208,Pop/Rock
643543,Pop/Rock
643682,Electronic
643755,Pop/Rock
645956,Pop/Rock
647156,Pop/Rock
647246,Pop/Rock
648106,Electronic
650362,Pop/Rock
652178,Pop/Rock
652192,Pop/Rock
652255,International
656021,Pop/Rock
656541,Pop/Rock
657041,Pop/Rock
657062,Electronic
658346,R&B;
659299,Country
660244,Pop/Rock
662225,Pop/Rock
663255,Pop/Rock
664378,Country
664457,Pop/Rock
665945,Pop/Rock
666073,Electronic
666623,Pop/Rock
667584,Folk
667657,Pop/Rock
667669,Electronic
667738,Pop/Rock
667794,Folk
668222,Pop/Rock
669194,Pop/Rock
670273,Pop/Rock
671204,Pop/Rock
671452,Pop/Rock
672411,Pop/Rock
672835,Pop/Rock
673114,Jazz
673486,Latin
673621,Latin
674150,Vocal
674161,Latin
674262,R&B;
674749,Vocal
675495,New Age
675500,Pop/Rock
677352,Folk
677781,R&B;
677991,Jazz
678098,Pop/Rock
678650,Pop/Rock
678769,Pop/Rock
679749,Pop/Rock
681171,Country
683750,Electronic
683795,Electronic
686359,Pop/Rock
686560,Country
687933,New Age
689836,Folk
692100,International
694273,Pop/Rock
696668,Electronic
697350,Reggae
701790,Religious
711954,Pop/Rock
716469,Pop/Rock
717234,Pop/Rock
717419,Electronic
721409,Pop/Rock
721416,Pop/Rock
722133,Pop/Rock
722448,Pop/Rock
723868,Pop/Rock
724598,Electronic
725175,Pop/Rock
726201,Pop/Rock
726942,Pop/Rock
727318,Pop/Rock
729857,R&B;
733717,R&B;
737886,Latin
739713,Pop/Rock
739975,Pop/Rock
740569,Pop/Rock
741127,Pop/Rock
741236,Electronic
741512,Pop/Rock
741692,R&B;
743623,Pop/Rock
743709,Pop/Rock
744796,Folk
745071,Country
745316,Jazz
746068,Folk
746128,Pop/Rock
746409,Pop/Rock
746470,Pop/Rock
747506,Vocal
747761,Pop/Rock
749132,Pop/Rock
749222,Electronic
749335,Pop/Rock
749476,Country
749571,Religious
750131,Country
750146,Stage & Screen
750895,Pop/Rock
751201,Latin
751613,Classical
751738,R&B;
752022,Pop/Rock
752613,Pop/Rock
752770,Electronic
752773,R&B;
752812,Pop/Rock
752945,Electronic
753056,Pop/Rock
753098,Pop/Rock
753237,Country
753254,Pop/Rock
753507,Latin
753742,Pop/Rock
755030,Pop/Rock
756291,R&B;
756754,Pop/Rock
756959,Country
758402,Pop/Rock
758999,Electronic
759224,Country
759454,Pop/Rock
759668,Reggae
759998,Electronic
760238,Pop/Rock
760389,Religious
760417,Pop/Rock
760658,Pop/Rock
761109,Pop/Rock
761179,R&B;
761341,R&B;
762097,Pop/Rock
762496,Pop/Rock
762663,Pop/Rock
762821,Country
763747,Pop/Rock
763831,Country
765435,Jazz
766066,Vocal
766354,Pop/Rock
766444,Pop/Rock
766557,Pop/Rock
766893,R&B;
767129,R&B;
767558,Pop/Rock
767741,Jazz
768241,Electronic
768367,Vocal
768455,Pop/Rock
768585,Pop/Rock
768737,Pop/Rock
769109,Electronic
769638,Vocal
771388,Pop/Rock
772976,R&B;
773666,Pop/Rock
774227,Pop/Rock
774588,Country
774909,Blues
775254,Pop/Rock
775446,Pop/Rock
775694,Pop/Rock
775904,Pop/Rock
776301,Jazz
776371,R&B;
776408,Pop/Rock
777054,Vocal
777366,Electronic
777466,Pop/Rock
778526,Pop/Rock
778655,Pop/Rock
778925,Pop/Rock
778960,Pop/Rock
779599,Pop/Rock
780451,Country
780948,Electronic
780955,Pop/Rock
781732,International
782297,Pop/Rock
784010,Pop/Rock
784056,R&B;
784535,Pop/Rock
784811,Pop/Rock
785773,Avant-Garde
785817,R&B;
787428,Pop/Rock
787579,Pop/Rock
788347,Pop/Rock
788508,Reggae
788568,Country
789055,Pop/Rock
789721,Country
790797,Latin
791120,Folk
791483,Country
792370,Country
792852,Pop/Rock
793108,Pop/Rock
793225,Electronic
793848,Electronic
793913,Pop/Rock
794161,Pop/Rock
794257,Pop/Rock
794306,Pop/Rock
794401,Pop/Rock
794846,Country
795053,R&B;
796439,Latin
798248,Country
798587,Pop/Rock
798751,Pop/Rock
798792,R&B;
799348,Electronic
800426,Folk
800475,R&B;
802382,Religious
803115,Pop/Rock
803469,Pop/Rock
803513,Pop/Rock
804289,Country
804338,Pop/Rock
804516,Pop/Rock
804559,Jazz
804635,Pop/Rock
805225,Pop/Rock
806247,Country
806336,Latin
806601,Jazz
807294,Electronic
807949,Electronic
808304,Pop/Rock
808388,Pop/Rock
809357,Jazz
809900,Vocal
810166,Pop/Rock
810912,Pop/Rock
811395,Electronic
811897,Country
812239,Country
812476,Pop/Rock
812741,Pop/Rock
812802,Electronic
812877,Pop/Rock
813910,Pop/Rock
814036,Folk
814220,Religious
814312,Pop/Rock
814387,R&B;
815236,Blues
816844,Pop/Rock
818627,Pop/Rock
819983,Blues
821571,R&B;
821675,Pop/Rock
823012,Country
824406,Pop/Rock
824895,Pop/Rock
825209,Pop/Rock
825793,Pop/Rock
826364,New Age
826936,Pop/Rock
829267,Folk
829717,Pop/Rock
830425,Blues
830890,Folk
832833,Pop/Rock
836376,Latin
837215,Folk
837311,Pop/Rock
837526,Pop/Rock
837886,Pop/Rock
837946,Country
837985,Country
838327,Pop/Rock
838414,Folk
838559,Folk
839037,Pop/Rock
839432,Pop/Rock
840000,Electronic
840348,Pop/Rock
840812,Pop/Rock
841160,Pop/Rock
841870,Pop/Rock
842379,Pop/Rock
844043,Pop/Rock
844440,Pop/Rock
845468,Country
845662,R&B;
845918,Pop/Rock
847305,Latin
847880,Religious
851205,Pop/Rock
851240,Pop/Rock
852405,R&B;
852656,Pop/Rock
852718,Pop/Rock
852842,International
853254,Electronic
854866,Electronic
855034,Pop/Rock
855405,Folk
857887,Pop/Rock
858006,Pop/Rock
858375,Country
858710,Country
858788,Pop/Rock
861057,Pop/Rock
861252,Country
861600,Pop/Rock
862343,Pop/Rock
862761,Pop/Rock
862855,Pop/Rock
863774,Folk
865403,Pop/Rock
866491,R&B;
866767,Pop/Rock
866769,International
867307,Pop/Rock
867978,Pop/Rock
868086,R&B;
868174,Country
868456,Country
868628,Pop/Rock
870809,Religious
873085,Pop/Rock
879144,Electronic
882431,Pop/Rock
883069,Pop/Rock
883619,Pop/Rock
884251,Pop/Rock
884269,Pop/Rock
885138,Pop/Rock
885298,Vocal
885387,Pop/Rock
885569,Vocal
886648,Pop/Rock
887235,Pop/Rock
887638,New Age
888262,Pop/Rock
890683,Latin
891575,Electronic
894930,Pop/Rock
895074,Pop/Rock
895365,Pop/Rock
896041,Country
896309,Latin
896600,Pop/Rock
897035,Pop/Rock
897382,Pop/Rock
900349,R&B;
903609,Country
907868,R&B;
911827,Pop/Rock
913130,R&B;
915816,Pop/Rock
915835,Pop/Rock
916783,Pop/Rock
918111,Pop/Rock
918140,Pop/Rock
918569,Electronic
919717,Pop/Rock
920004,Pop/Rock
920165,Pop/Rock
920939,R&B;
921024,Pop/Rock
921306,Electronic
922301,Pop/Rock
922704,Pop/Rock
923208,Pop/Rock
923332,Pop/Rock
923432,Reggae
924306,Pop/Rock
925636,Pop/Rock
926085,Pop/Rock
926108,Country
927736,Folk
927795,Country
929659,Pop/Rock
929673,Pop/Rock
930651,Electronic
931015,Pop/Rock
932328,Pop/Rock
932858,International
933172,R&B;
933621,Pop/Rock
933927,Pop/Rock
934069,Country
934305,Jazz
934367,Pop/Rock
934801,Pop/Rock
935413,Reggae
936206,Country
937150,Electronic
938337,Pop/Rock
938798,Pop/Rock
940246,Pop/Rock
941579,Country
942335,Electronic
942624,Religious
945245,Pop/Rock
945269,New Age
945951,Electronic
946560,Religious
947752,Country
948080,Pop/Rock
948625,Pop/Rock
949025,Pop/Rock
949204,Pop/Rock
949259,Vocal
949579,Pop/Rock
949820,Electronic
949980,Pop/Rock
950805,Pop/Rock
951589,Pop/Rock
951825,Pop/Rock
953102,Pop/Rock
954189,Pop/Rock
954322,Pop/Rock
954592,Pop/Rock
955936,Pop/Rock
956088,Pop/Rock
956675,Country
958087,Pop/Rock
958444,Pop/Rock
961133,Jazz
963992,Pop/Rock
977198,Pop/Rock
977209,Pop/Rock
978359,Pop/Rock
984877,Pop/Rock
986573,Pop/Rock
987643,Pop/Rock
988307,Pop/Rock
988448,Pop/Rock
988471,New Age
989528,Pop/Rock
989540,Pop/Rock
992751,Electronic
992857,Pop/Rock
993302,Pop/Rock
996075,Pop/Rock
996096,Pop/Rock
996141,Pop/Rock
996795,Pop/Rock
997568,R&B;
997588,Pop/Rock
998969,Pop/Rock
1000302,Pop/Rock
1000558,Pop/Rock
1002017,Pop/Rock
1003087,Pop/Rock
1003907,Pop/Rock
1006451,Pop/Rock
1011101,Pop/Rock
1011504,Pop/Rock
1013037,Pop/Rock
1013109,Pop/Rock
1019495,Pop/Rock
1019633,Pop/Rock
1028746,Country
1032454,Pop/Rock
1035160,Electronic
1036613,Comedy/Spoken
1039555,Pop/Rock
1041338,Pop/Rock
1050323,Pop/Rock
1061166,Pop/Rock
1061368,R&B;
1062118,Pop/Rock
1084430,Pop/Rock
1176481,Pop/Rock
1213943,Pop/Rock
1232396,Pop/Rock
1390230,Pop/Rock
1393036,Pop/Rock
1393658,Pop/Rock
1405469,Pop/Rock
1431398,New Age
1449541,Country
1451327,Pop/Rock
1459978,Pop/Rock
1502854,Pop/Rock
1528100,Pop/Rock
1580437,Country
1583976,Pop/Rock
1585751,Pop/Rock
1590871,Pop/Rock
1593570,Pop/Rock
1596642,Pop/Rock
1598199,Electronic
1608941,Electronic
1620705,Pop/Rock
1629657,Pop/Rock
1630569,Pop/Rock
1740826,Pop/Rock
1772438,Pop/Rock
1814388,Pop/Rock
1836313,Pop/Rock
1944458,Religious
1957634,Pop/Rock
1960811,Pop/Rock
1968188,Pop/Rock
1988927,Pop/Rock
2010336,Pop/Rock
2014409,Pop/Rock
2016362,Electronic
2035658,Pop/Rock
2036252,Electronic
2040645,Pop/Rock
2043318,Pop/Rock
2043528,Pop/Rock
2055729,Pop/Rock
2060288,Pop/Rock
2064609,Pop/Rock
2080238,Pop/Rock
2085875,Electronic
2089077,Pop/Rock
2115414,Pop/Rock
2118074,Pop/Rock
2120504,Religious
2128228,Pop/Rock
2129441,Pop/Rock
2133637,Pop/Rock
2135629,Pop/Rock
2136598,Pop/Rock
2138857,Pop/Rock
2139934,Pop/Rock
2142940,Pop/Rock
2264745,Pop/Rock
2285572,Pop/Rock
2289986,Pop/Rock
2312742,Pop/Rock
2363198,Pop/Rock
2370408,Pop/Rock
2376287,Pop/Rock
2394289,Pop/Rock
2395521,Pop/Rock
2397707,Pop/Rock
2397826,Pop/Rock
2398414,Pop/Rock
2424501,Electronic
2435745,Electronic
2455573,Pop/Rock
2478029,Pop/Rock
2495841,Pop/Rock
2508103,Pop/Rock
2509942,Pop/Rock
2515882,Pop/Rock
2517606,Pop/Rock
2526137,Pop/Rock
2527840,Pop/Rock
2532578,Electronic
2534053,Pop/Rock
2540309,R&B;
2564904,Country
2570457,R&B;
2571020,Religious
2571333,Pop/Rock
2575506,Pop/Rock
2577357,Pop/Rock
2577980,Pop/Rock
2593754,Pop/Rock
2595668,Pop/Rock
2620029,Pop/Rock
2641312,Pop/Rock
2674162,R&B;
2681783,Pop/Rock
2684665,Pop/Rock
2701931,Country
2702854,Country
2729330,Electronic
2732005,Pop/Rock
2742344,Pop/Rock
2754189,Pop/Rock
2784799,Pop/Rock
2786685,Pop/Rock
2800003,Pop/Rock
2802154,Pop/Rock
2811293,Pop/Rock
2824778,Pop/Rock
2831504,Pop/Rock
2841398,Pop/Rock
2854537,Pop/Rock
2854547,Pop/Rock
2855520,Pop/Rock
2869578,Pop/Rock
2872922,Pop/Rock
2877943,Pop/Rock
2895189,Easy Listening
2899881,Electronic
2921660,Pop/Rock
2923522,Pop/Rock
2939023,Pop/Rock
2940524,Pop/Rock
2960510,Electronic
2986022,Pop/Rock
2991317,Pop/Rock
2993710,R&B;
2995915,Pop/Rock
2996996,R&B;
2999777,Pop/Rock
3007613,Pop/Rock
3018423,Pop/Rock
3020237,Electronic
3044549,Electronic
3052730,Pop/Rock
3061665,Pop/Rock
3064351,Pop/Rock
3065843,Pop/Rock
3067310,Country
3085111,Pop/Rock
3088724,Pop/Rock
3101434,Pop/Rock
3102954,Pop/Rock
3103730,Pop/Rock
3115003,Country
3117973,Pop/Rock
3139368,Pop/Rock
3144637,Pop/Rock
3145435,Pop/Rock
3145706,Pop/Rock
3145761,Pop/Rock
3145947,Pop/Rock
3153419,Pop/Rock
3158075,Pop/Rock
3171799,Pop/Rock
3172484,Pop/Rock
3178979,Pop/Rock
3185359,Pop/Rock
3188027,Pop/Rock
3190264,Pop/Rock
3200278,Pop/Rock
3206669,Pop/Rock
3206766,Pop/Rock
3210853,Pop/Rock
3211361,Pop/Rock
3216219,Pop/Rock
3224219,Electronic
3236942,R&B;
3237096,Country
3256615,Country
3268224,R&B;
3272048,Pop/Rock
3276902,Pop/Rock
3278115,Pop/Rock
3288126,Country
3314964,Electronic
3315236,Country
3316228,Pop/Rock
3323342,Pop/Rock
3329291,Pop/Rock
3337670,Pop/Rock
3345212,Pop/Rock
3347207,Country
3366296,Pop/Rock
3370668,Pop/Rock
3376900,Pop/Rock
3381566,Country
3391646,Electronic
3391937,Pop/Rock
3393991,Pop/Rock
3397785,Country
3406269,R&B;
3407597,Pop/Rock
3408531,Pop/Rock
3411865,Pop/Rock
3413218,Electronic
3426731,Pop/Rock
3427505,Pop/Rock
3441660,Pop/Rock
3445208,Pop/Rock
3449693,Pop/Rock
3451786,Pop/Rock
3455720,Country
3455945,Country
3460695,Pop/Rock
3462822,Pop/Rock
3462983,Pop/Rock
3469567,Pop/Rock
3474187,Pop/Rock
3474579,Pop/Rock
3475903,Pop/Rock
3480388,Latin
3486253,Country
3523590,Electronic
3632715,Pop/Rock
3637248,Pop/Rock
3639618,Pop/Rock
3659356,Pop/Rock
3661296,Electronic
3661738,Pop/Rock